ID_CLIENTE;SOBRENOME;NOME;ESTADO;REGIAO;SEXO;PROFISSAO;IDADE;TEM_FILHOS;SALARIO;N_DEPENDENTES;PROPRIETARIO_VEICULO;PROPRIETARIO_CASA;ESTADO_CIVIL
CU8589;KALA;IVERSON;WI;Midwest;F;PROF-9;49;1;68696;1;1;1;WIDOWED
CU9823;NESTOR;HORTON;CA;West;M;Nurse;24;0;73850;0;1;0;SINGLE
CU12175;DWIGHT;ROLLINS;MI;Midwest;M;Programmer/Developer;26;1;60249;2;1;1;MARRIED
CU7924;GRADY;STATON;NY;NorthEast;M;Programmer/Developer;32;0;60466;1;1;0;SINGLE
CU14284;DOMINICK;LAW;NY;NorthEast;M;Construction Laborer;24;0;76570;3;1;1;SINGLE
CU14620;DANIAL;CORLEY;UT;Southwest;M;Truck Driver;35;1;62756;1;1;1;MARRIED
CU15186;VERNON;NIETO;NY;NorthEast;F;IT Staff;36;1;62886;1;1;1;MARRIED
CU5165;KITTY;COFFEY;MI;Midwest;F;Truck Driver;26;1;61012;1;1;1;MARRIED
CU5938;TEDDY;MURILLO;CA;West;M;Author;78;1;65134;0;1;0;SINGLE
CU3296;MARYLEE;HATHAWAY;CA;West;F;Not specified;49;1;60322;3;1;1;WIDOWED
CU1069;THURMAN;VAUGHAN;MN;West;M;PROF-15;80;1;63067;0;1;0;SINGLE
CU13543;DARYL;ADDISON;WA;West;F;PROF-39;52;1;73090;5;1;2;DIVORCED
CU11717;LAVETA;CASEY;NY;NorthEast;F;Publisher;31;0;71782;5;1;1;DIVORCED
CU5928;ROBERTO;CORNELIUS;NY;NorthEast;M;Childcare Worker;44;1;61056;1;1;1;DIVORCED
CU10012;DORSEY;PRIEST;NM;Southwest;M;Cashier;52;0;59480;3;1;1;MARRIED
CU197;ENRIQUE;BARRIOS;MI;Midwest;M;Nurse;77;0;73461;0;1;0;SINGLE
CU476;CHONG;CROWDER;CA;West;M;Administrative Assistant;69;1;61943;0;1;1;MARRIED
CU9110;JOHN;CLARK;DC;NorthEast;M;Administrative Assistant;46;1;64648;0;1;1;DIVORCED
CU7291;LAUREN;LAYNE;MI;Midwest;M;Nurse;42;1;58327;0;1;0;SINGLE
CU7148;VINCENT;COBB;OK;Midwest;M;Programmer/Developer;28;0;60968;2;1;1;MARRIED
CU9648;FRANKLIN;ADLER;FL;South;M;Programmer/Developer;34;1;66717;3;1;1;SINGLE
CU1055;OLIVER;ESTRADA;NY;NorthEast;M;Clerical;36;1;65837;3;1;1;DIVORCED
CU749;NATACHA;KILGORE;CA;West;F;Homemaker;71;1;94589;1;1;1;OTHER
CU12581;SAMARA;KIMBLE;NY;NorthEast;F;Programmer/Developer;21;1;71368;5;1;1;MARRIED
CU1731;ANASTASIA;FISCHER;IL;Midwest;F;Clerical;49;1;56506;1;1;1;WIDOWED
CU1881;WILLARD;WEEKS;AK;West;M;Medical Doctor;37;0;71142;5;1;1;MARRIED
CU400;EZEKIEL;HARGROVE;CA;West;M;Nurse;52;1;60752;0;1;0;SINGLE
CU4172;SAMMY;KANG;NY;NorthEast;F;Administrative Assistant;48;1;75114;1;1;1;MARRIED
CU10006;GREGORIO;LAWRENCE;NV;Southwest;M;Lab Technician;30;0;60554;3;1;1;DIVORCED
CU15957;LAVERN;DODGE;UT;Southwest;M;PROF-3;34;0;51837;1;1;1;MARRIED
CU10540;WILBER;ANDERSON;NY;NorthEast;M;Nurse;33;0;58408;0;0;0;SINGLE
CU11020;ASA;LEAVITT;NY;NorthEast;M;PROF-42;37;0;72865;1;1;1;DIVORCED
CU3091;VAN;LAMB;NY;NorthEast;M;Publisher;25;1;65594;3;1;1;DIVORCED
CU4994;ROLANDA;WAGNER;NY;NorthEast;F;Lab Technician;42;1;63640;1;1;1;MARRIED
CU11201;FREDRIC;WARDEN;WA;West;M;PROF-28;38;0;64207;4;1;1;SINGLE
CU11171;MARIO;CUTLER;NY;NorthEast;M;First-line Manager;0;0;63465;3;1;1;MARRIED
CU1245;MARIETTA;BINGHAM;CA;West;F;Law Enforcement Officer;58;1;91279;1;1;1;WIDOWED
CU15866;MEL;YANCEY;UT;Southwest;M;Professor;22;0;58193;1;1;1;MARRIED
CU14631;TANDRA;BALLARD;FL;South;F;Programmer/Developer;28;0;57902;1;1;0;SINGLE
CU8908;ABRAHAM;PRATT;NY;NorthEast;M;PROF-18;21;0;63625;0;1;0;SINGLE
CU929;BEAU;MCKINNON;MI;Midwest;M;Homemaker;60;0;59463;1;1;1;DIVORCED
CU11849;JOSH;FOX;NY;NorthEast;M;Sales Representative;28;1;68889;3;1;1;MARRIED
CU12777;RAYMUNDO;COYLE;CA;West;M;Programmer/Developer;29;1;69382;3;1;0;SINGLE
CU6027;DANILO;BARAJAS;CA;West;M;Accountant;77;1;62253;4;1;1;MARRIED
CU672;MARCO;NORTON;NC;South;M;Waiter/Waitress;26;1;57724;3;1;2;MARRIED
CU4165;DARRICK;MICHAEL;MI;Midwest;M;Author;35;0;64671;0;1;0;SINGLE
CU11854;GRANVILLE;BECK;MI;Midwest;M;Programmer/Developer;21;0;59210;3;1;1;MARRIED
CU1832;ISELA;SHOEMAKER;CA;West;F;Not specified;50;1;74752;3;1;1;WIDOWED
CU12518;AMOS;EASLEY;NY;NorthEast;M;Programmer/Developer;22;0;69229;3;1;0;SINGLE
CU10801;ROB;KOEHLER;CA;West;M;Waiter/Waitress;22;0;70065;4;1;1;SINGLE
CU8880;MOSE;MAHONEY;CA;West;M;Waiter/Waitress;34;0;72354;2;1;0;SINGLE
CU1745;JACKIE;HIGHTOWER;NY;NorthEast;M;Bank Teller;32;1;64905;0;1;0;SINGLE
CU6439;DONALD;MICHAEL;CA;West;M;Nurse;59;1;66001;0;1;0;SINGLE
CU6117;BERNADINE;PRITCHETT;NY;NorthEast;F;Author;0;1;52067;5;1;1;MARRIED
CU15015;RANDOLPH;MCMANUS;NY;NorthEast;M;PROF-18;39;0;56610;2;1;1;DIVORCED
CU9590;WILBER;EMERY;NY;NorthEast;M;PROF-17;24;1;71649;3;1;0;SINGLE
CU2507;RUSTY;HILLMAN;CA;West;M;Administrative Assistant;0;0;67082;0;1;0;SINGLE
CU13551;BRANDON;FOSS;FL;South;M;Programmer/Developer;21;0;71809;3;0;0;SINGLE
CU7788;BRYAN;GARCIA;MI;Midwest;M;PROF-12;22;0;64703;3;1;1;SINGLE
CU12361;OMER;STOCKTON;MI;Midwest;M;Bank Teller;62;1;64441;3;1;1;MARRIED
CU10508;LEANDRO;ALONSO;FL;South;M;Clerical;62;0;64900;4;1;1;MARRIED
CU14309;ALONSO;MCDERMOTT;OH;Midwest;M;PROF-6;19;0;61500;3;1;1;MARRIED
CU5679;LUPE;FARRELL;CA;West;M;Professor;61;1;60946;0;1;0;SINGLE
CU15979;RAY;SNODGRASS;UT;Southwest;M;Mason;19;0;59864;3;1;1;MARRIED
CU12527;MIRNA;WAITE;NY;NorthEast;F;IT Staff;39;1;64553;1;1;1;DIVORCED
CU1140;ANDY;COOK;CA;West;M;PROF-18;27;0;65736;1;1;0;SINGLE
CU6871;KATHYRN;PICKETT;CA;West;F;Author;61;1;56137;3;1;1;MARRIED
CU3070;ROBERTO;PATTEN;WA;West;M;Truck Driver;33;1;61789;0;1;1;DIVORCED
CU2941;VAL;HACKETT;CA;West;M;IT Staff;63;0;59461;0;1;0;SINGLE
CU11032;ELVIS;HULL;MN;West;M;Software Engineer;31;1;62658;4;1;0;DIVORCED
CU3996;SEAN;DOWNING;CA;West;M;Bank Teller;42;1;57616;0;1;1;MARRIED
CU3065;RISA;TUCKER;NY;NorthEast;F;PROF-1;53;1;66372;1;1;1;DIVORCED
CU15033;MARC;HARRIS;WI;Midwest;M;Programmer/Developer;19;1;57064;3;1;0;SINGLE
CU11319;ANDREW;DUFFY;CA;West;M;PROF-18;20;0;75031;3;0;0;SINGLE
CU15694;SHAY;FARRELL;NY;NorthEast;F;PROF-1;32;1;60073;4;1;1;DIVORCED
CU14045;GENNY;VALENZUELA;CA;West;F;Truck Driver;50;0;71214;1;1;1;MARRIED
CU2088;DOMENIC;MIXON;NY;NorthEast;M;PROF-57;27;0;61807;0;1;0;SINGLE
CU14690;THEA;KELSEY;MI;Midwest;F;Programmer/Developer;39;0;63272;5;1;0;SINGLE
CU3486;LAVETA;ALSTON;CA;West;F;Cashier;48;1;70243;1;1;1;DIVORCED
CU2417;ALEX;BEAL;NY;NorthEast;M;Sales Representative;27;0;64964;0;1;0;SINGLE
CU4125;CLEMENTE;CLOUTIER;OR;West;M;Administrator;42;1;68407;1;1;0;SINGLE
CU5600;SANG;DUTTON;MI;Midwest;F;Clerical;61;0;94542;2;1;1;WIDOWED
CU15532;TYLER;BURDICK;NY;NorthEast;M;Homemaker;35;0;61148;3;1;1;DIVORCED
CU15782;NELLIE;MOHR;CA;West;F;Administrator;49;0;86041;1;1;1;DIVORCED
CU11615;DEMETRICE;PEREZ;NY;NorthEast;F;Programmer/Developer;21;1;63248;5;1;1;SINGLE
CU6097;OMER;YORK;CA;West;M;Author;62;0;59990;3;1;0;SINGLE
CU8359;WILLY;BYRNE;NY;NorthEast;M;Technical Writer;39;1;56237;3;1;1;DIVORCED
CU5511;ORLANDO;GUNTER;NY;NorthEast;M;IT Staff;45;1;76355;1;1;1;DIVORCED
CU847;EMILIO;SHIPP;NY;NorthEast;M;PROF-61;46;1;59581;0;1;0;SINGLE
CU13966;WALLACE;MEREDITH;CA;West;M;Nurse;40;0;59743;1;1;1;SINGLE
CU11048;ARLINE;ALTMAN;NY;NorthEast;F;IT Staff;52;1;65179;1;1;1;DIVORCED
CU12283;COLLEEN;YEAGER;CA;West;F;PROF-21;44;1;79782;1;1;1;MARRIED
CU34;CARMELIA;SIMMONS;MI;Midwest;F;Law Enforcement Officer;84;1;61090;1;1;1;WIDOWED
CU8014;ELLIOTT;MADDOX;CA;West;M;Programmer/Developer;21;0;69368;3;1;1;MARRIED
CU13411;BOOKER;BEAN;MI;Midwest;M;PROF-22;30;0;61659;3;1;1;SINGLE
CU14768;CORNELIUS;SIMON;FL;South;M;Programmer/Developer;31;0;66738;3;0;0;SINGLE
CU9789;LINDSY;VICK;NY;NorthEast;F;PROF-58;55;0;65584;1;1;1;WIDOWED
CU2144;DOMINGO;STEVENS;NY;NorthEast;M;PROF-24;31;0;58490;0;1;0;SINGLE
CU4291;IRVING;LOVETT;FL;South;M;Waiter/Waitress;30;1;66079;1;1;2;DIVORCED
CU2654;HUBERT;COYLE;NY;NorthEast;M;IT Staff;61;1;65727;0;1;1;MARRIED
CU15784;CALVIN;BURTON;NY;NorthEast;M;Clerical;42;1;63277;1;1;0;SINGLE
CU654;SHEILAH;COMBS;NV;Southwest;F;Publisher;37;1;61816;1;1;1;MARRIED
CU12127;MAYBELL;CARTER;TX;Southwest;F;Homemaker;29;1;63137;6;1;1;MARRIED
CU2966;BOYD;SHOCKLEY;NY;NorthEast;M;Administrative Assistant;21;0;63968;0;1;0;SINGLE
CU11392;SOL;SCHMIDT;DC;NorthEast;M;Truck Driver;23;0;60915;3;1;1;DIVORCED
CU11983;RENE;CHASTAIN;NY;NorthEast;M;PROF-29;18;0;63963;3;1;1;SINGLE
CU6028;LAVERNA;SCHMITZ;NY;NorthEast;F;IT Staff;38;1;58770;3;1;1;DIVORCED
CU13388;LEIF;ARNOLD;MI;Midwest;M;PROF-2;70;0;54484;2;1;0;SINGLE
CU13386;ALVA;VERNON;OK;Midwest;M;PROF-18;24;0;57132;3;1;1;DIVORCED
CU6607;HECTOR;SUMMERS;MI;Midwest;M;Veterinarian;30;1;61221;3;1;1;MARRIED
CU7331;PATRICK;GARRETT;CA;West;M;PROF-46;43;0;69099;0;1;0;SINGLE
CU2624;CAITLYN;LOVE;NY;NorthEast;F;Clerical;27;1;68069;5;1;1;MARRIED
CU6389;TOMMIE;RANGEL;CA;West;M;Accountant;46;1;62163;0;1;0;SINGLE
CU100;RANDELL;POLLOCK;MI;Midwest;M;Not specified;43;1;58365;0;1;1;DIVORCED
CU8653;BRODERICK;FULTON;NV;Southwest;M;Truck Driver;33;1;61753;3;1;1;MARRIED
CU2639;CHARLIE;ENGEL;MI;Midwest;M;Administrative Assistant;40;0;62391;0;1;0;SINGLE
CU1330;TERENCE;ELMORE;MI;Midwest;M;Truck Driver;53;0;63012;1;1;0;SINGLE
CU6308;HANNA;WILKINSON;NY;NorthEast;F;PROF-55;47;1;109943;3;1;1;MARRIED
CU15141;LAURYN;WATERMAN;NY;NorthEast;F;Clerical;43;0;63642;4;1;1;DIVORCED
CU15960;GERARDO;SHERRILL;UT;Southwest;M;PROF-28;41;0;61708;4;1;1;SINGLE
CU2806;ALONSO;GEIGER;MI;Midwest;M;PROF-55;45;0;66820;1;1;1;DIVORCED
CU7171;RUSS;TOBIN;NY;NorthEast;M;Nurse;74;0;68242;1;1;0;SINGLE
CU11941;MIQUEL;LONDON;NV;Southwest;M;Programmer/Developer;27;1;58238;3;1;0;SINGLE
CU165;DUDLEY;GUERRA;CA;West;M;PROF-48;32;1;60163;0;1;0;SINGLE
CU8559;VENUS;SCHMIDT;NY;NorthEast;F;Construction Laborer;46;0;69353;1;1;1;MARRIED
CU12595;MATILDA;VELASQUEZ;NY;NorthEast;F;Technical Writer;31;1;54661;1;1;1;DIVORCED
CU4385;DOYLE;BREWSTER;CA;West;M;Fireman;46;0;63666;1;1;1;SINGLE
CU5852;MAN;BURKETT;NY;NorthEast;M;Administrative Assistant;41;1;59849;0;1;0;SINGLE
CU5859;JAMEL;KIRKPATRICK;MI;Midwest;M;PROF-3;24;0;70245;3;1;1;SINGLE
CU1891;EARL;SYLVESTER;NY;NorthEast;M;PROF-3;29;0;68002;0;1;1;DIVORCED
CU3889;DOLLY;REAVES;MI;Midwest;F;Plumber;36;1;66712;1;1;1;DIVORCED
CU14108;PHUNG;BURROUGHS;CA;West;F;PROF-15;64;0;67145;4;1;1;DIVORCED
CU6575;DIRK;WAGNER;UT;Southwest;M;Administrator;33;0;64793;0;1;1;DIVORCED
CU5548;HUNTER;DEJESUS;CA;West;M;Childcare Worker;29;1;55600;1;1;1;DIVORCED
CU5632;WILBURN;SHIPMAN;CA;West;M;Mason;66;0;67607;2;1;0;SINGLE
CU10961;MARC;CASSIDY;CA;West;M;PROF-5;63;0;61228;6;0;0;SINGLE
CU6522;CLARK;SHIPLEY;NY;NorthEast;M;PROF-62;26;1;68811;3;1;1;MARRIED
CU15421;VELVET;BRYSON;NY;NorthEast;F;IT Staff;33;1;59923;5;1;1;MARRIED
CU11086;DUSTIN;ROGERS;NY;NorthEast;M;Programmer/Developer;22;0;71140;3;1;1;SINGLE
CU3971;MARTY;COLEMAN;MN;West;F;IT Staff;37;1;59502;1;1;1;MARRIED
CU10565;BERNARDO;WILSON;NY;NorthEast;M;Nurse;22;0;59200;0;0;0;SINGLE
CU2587;MITCHELL;KESSLER;NY;NorthEast;M;Clerical;30;0;64371;1;1;0;SINGLE
CU4668;EARL;LAY;CA;West;M;Waiter/Waitress;36;1;67267;0;1;0;SINGLE
CU14336;MARTINE;RIDDLE;NV;Southwest;F;PROF-12;69;0;79450;1;1;1;MARRIED
CU6781;BOB;WOMACK;CA;West;M;Medical Doctor;58;1;63775;1;1;1;MARRIED
CU491;ELWOOD;MCLEOD;CA;West;M;Administrative Assistant;55;1;67265;0;1;1;MARRIED
CU1037;CALEB;SPIVEY;NY;NorthEast;M;Administrative Assistant;35;1;66039;0;1;2;MARRIED
CU14713;STACY;ROMERO;NC;South;M;PROF-37;21;1;69428;3;1;2;MARRIED
CU11028;TERRANCE;BRANDON;CA;West;M;DBA;34;1;62350;0;1;1;MARRIED
CU10370;LANE;SAMUELS;NY;NorthEast;M;Mason;21;0;76050;3;1;1;SINGLE
CU10377;MAN;STARNES;NY;NorthEast;M;IT Staff;33;0;64032;3;1;1;MARRIED
CU6040;KRAIG;SINGER;CA;West;M;Professor;54;1;61290;0;1;1;MARRIED
CU2605;VAL;EARLY;NY;NorthEast;M;First-line Manager;26;1;59189;0;1;0;SINGLE
CU13713;DIMPLE;OLEARY;NY;NorthEast;F;PROF-26;29;0;62356;1;1;1;MARRIED
CU9913;HARLEY;DORAN;FL;South;M;PROF-7;29;0;68223;3;1;1;MARRIED
CU790;MYRON;SNIDER;NY;NorthEast;M;Clerical;80;1;62391;3;1;0;SINGLE
CU1531;VAL;MATTSON;NY;NorthEast;M;Truck Driver;34;1;62765;0;1;0;SINGLE
CU6957;DELMER;HEALY;MI;Midwest;M;Nurse;31;1;69550;0;1;0;SINGLE
CU10308;JESSIKA;ANDERSON;NY;NorthEast;F;PROF-24;42;1;69376;1;1;1;DIVORCED
CU2714;ALTHA;MAYO;AK;West;F;Medical Doctor;31;1;63974;1;1;1;MARRIED
CU13730;CLIFTON;CAIN;MI;Midwest;M;Programmer/Developer;21;0;60685;3;0;0;SINGLE
CU7854;BRENTON;ROJAS;LA;South;M;Childcare Worker;33;1;69838;1;1;1;MARRIED
CU12993;GABRIELE;ATKINSON;NY;NorthEast;F;First-line Manager;23;0;75409;5;1;1;SINGLE
CU608;ALEJANDRO;PAULSON;CA;West;M;Secretary;27;1;72953;1;1;2;DIVORCED
CU10025;DIRK;DYE;CA;West;M;DBA;36;0;72196;3;1;1;DIVORCED
CU11680;JUAN;ROARK;NY;NorthEast;M;PROF-5;20;0;54836;0;0;0;SINGLE
CU10706;RANDY;BARRON;NY;NorthEast;M;PROF-20;26;0;68436;3;1;1;MARRIED
CU6752;ELEONOR;COLLIER;MI;Midwest;F;Author;68;1;62499;1;1;1;WIDOWED
CU6932;TYRELL;LOONEY;CA;West;M;PROF-30;48;1;65042;6;1;1;SINGLE
CU9555;ZACK;DANIEL;TX;Southwest;M;Not specified;33;0;69052;1;1;1;DIVORCED
CU475;SIERRA;VANCE;IL;Midwest;F;PROF-58;54;0;68490;5;1;1;DIVORCED
CU4188;TERRANCE;WORKMAN;MI;Midwest;M;PROF-25;32;0;60341;1;1;0;SINGLE
CU12337;IAN;BELL;MS;South;M;PROF-3;20;0;76895;3;0;0;SINGLE
CU4603;FERNANDO;GUY;CA;West;M;Nurse;48;1;60045;3;1;1;MARRIED
CU7694;FRANSISCA;HIGH;NY;NorthEast;F;Sales Representative;23;0;58592;1;1;1;SINGLE
CU6846;EDISON;CONTRERAS;CA;West;M;Nurse;67;1;61085;0;1;0;SINGLE
CU5916;LEZLIE;PEDERSEN;NY;NorthEast;F;Software Engineer;44;1;65190;2;1;1;MARRIED
CU3229;USHA;BEAULIEU;MN;West;F;IT Staff;37;1;57638;1;1;1;MARRIED
CU10180;GARTH;PICKENS;MN;West;M;Nurse;18;0;63053;3;1;1;SINGLE
CU10989;FRED;COYLE;NY;NorthEast;M;PROF-1;31;0;65007;1;1;1;SINGLE
CU8662;TAMMIE;FIGUEROA;NY;NorthEast;F;Homemaker;31;1;66889;1;1;1;DIVORCED
CU1371;ROBIN;HOGUE;NY;NorthEast;M;PROF-5;31;0;61758;3;1;0;SINGLE
CU6818;ANDERSON;GORMAN;CA;West;M;PROF-32;46;0;61703;1;1;1;MARRIED
CU12217;SYDNEY;LANDERS;CA;West;M;DBA;34;0;65080;1;1;1;MARRIED
CU10228;MATT;BAGLEY;NY;NorthEast;M;PROF-33;27;0;59135;3;1;1;MARRIED
CU5589;SAMIRA;CHIN;NC;South;F;Author;76;1;62786;6;1;1;MARRIED
CU8819;ISAIAH;FLYNN;NY;NorthEast;M;Programmer/Developer;22;0;59513;3;0;0;SINGLE
CU3039;CARLEEN;BENITEZ;NY;NorthEast;F;Homemaker;41;1;65586;1;1;1;MARRIED
CU493;JACQUES;ATWOOD;OH;Midwest;M;Waiter/Waitress;49;1;72753;1;1;1;DIVORCED
CU4923;SYLVESTER;REEDER;CA;West;M;Cashier;38;0;62801;0;1;0;SINGLE
CU2410;LAURENCE;BAER;CA;West;F;Cashier;49;1;71744;1;1;1;DIVORCED
CU740;KANDACE;VICK;CA;West;F;Author;72;1;60513;3;1;1;MARRIED
CU3093;DOUGLAS;PHIPPS;NV;Southwest;M;PROF-32;56;0;61661;0;1;0;SINGLE
CU9156;MAYNARD;HOGUE;NY;NorthEast;M;PROF-18;17;0;66900;0;0;0;SINGLE
CU1161;DARWIN;SEYMOUR;CA;West;M;PROF-6;26;1;63049;0;1;0;SINGLE
CU8633;EMANUEL;SUGGS;CA;West;M;Cashier;41;1;60409;3;1;1;DIVORCED
CU8920;SAMIRA;TRIPLETT;NY;NorthEast;F;Technical Writer;30;1;63132;1;1;1;MARRIED
CU513;JARRETT;BAIRD;WA;West;M;Cashier;51;0;71120;3;1;1;DIVORCED
CU15745;MISTI;SPRAGUE;CA;West;F;PROF-46;38;0;74542;1;1;0;SINGLE
CU3976;LENARD;KELLY;MN;West;M;PROF-29;43;0;61165;4;1;2;MARRIED
CU5206;ARLETTE;FRANKLIN;MI;Midwest;F;PROF-6;28;1;58142;5;1;2;DIVORCED
CU12026;RUBI;FITZPATRICK;MI;Midwest;F;Fireman;33;1;73569;5;1;1;MARRIED
CU14493;VICENTE;ZAPATA;FL;South;M;Programmer/Developer;22;0;57313;3;0;0;SINGLE
CU10208;PABLO;BENJAMIN;CA;West;M;Programmer/Developer;25;0;62105;3;1;0;SINGLE
CU4102;ALFONZO;VILLANUEVA;MI;Midwest;M;PROF-25;31;1;66417;4;1;1;MARRIED
CU1202;ROLLAND;SHEA;NY;NorthEast;M;Veterinarian;38;1;55182;0;1;1;MARRIED
CU8212;LAWERENCE;ESPINOZA;NY;NorthEast;M;Programmer/Developer;23;0;58283;3;0;0;SINGLE
CU4090;RICH;HANCOCK;CA;West;M;Waiter/Waitress;0;0;62089;0;1;1;MARRIED
CU2870;JERROD;BECKER;UT;Southwest;M;Bank Teller;50;1;60129;1;1;1;DIVORCED
CU13042;PIEDAD;JONES;NY;NorthEast;F;IT Staff;42;1;72173;1;1;1;MARRIED
CU15084;ELIJAH;VANG;NY;NorthEast;M;PROF-44;27;0;71832;3;1;1;SINGLE
CU3913;LLOYD;SEXTON;CA;West;M;Fireman;43;1;63643;0;1;0;SINGLE
CU6304;CASEY;NEWTON;MI;Midwest;M;IT Staff;42;1;62358;0;1;0;SINGLE
CU726;LUISA;HUNT;NY;NorthEast;F;IT Staff;69;1;88555;1;1;1;OTHER
CU1427;GERALD;SOSA;CA;West;M;Truck Driver;60;0;63088;3;1;0;SINGLE
CU848;ANTONINA;BONILLA;CA;West;F;Publisher;54;0;66390;1;1;1;WIDOWED
CU12406;BURL;PARRIS;NY;NorthEast;M;Sales Representative;20;0;64895;3;1;1;MARRIED
CU1141;BARBARA;DOUGHERTY;NY;NorthEast;F;Waiter/Waitress;69;0;70805;1;1;2;DIVORCED
CU6623;EMERSON;BELTRAN;NY;NorthEast;M;School Teacher;49;1;69702;0;1;0;SINGLE
CU10020;TRACEY;WHITNEY;NY;NorthEast;M;IT Staff;27;1;75571;1;1;1;DIVORCED
CU2703;MILLY;CRENSHAW;MI;Midwest;F;Not specified;40;1;63334;1;1;1;DIVORCED
CU885;NEAL;SALINAS;CA;West;M;Lab Technician;73;1;61102;1;1;1;MARRIED
CU3239;KEIKO;MABRY;CA;West;F;IT Staff;50;1;80956;1;1;1;WIDOWED
CU3441;GALE;RILEY;CA;West;M;School Teacher;46;0;61654;3;1;1;MARRIED
CU7412;BERRY;OAKLEY;CA;West;F;Software Engineer;55;0;58398;1;1;1;WIDOWED
CU3147;BERNIE;HILL;MI;Midwest;M;Nurse;43;0;71740;0;1;0;SINGLE
CU14708;JUDE;COOLEY;NY;NorthEast;M;Programmer/Developer;20;0;64194;3;1;1;SINGLE
CU3461;ANTONIA;SHEETS;NV;Southwest;M;PROF-38;40;1;70484;0;1;0;SINGLE
CU8520;DONOVAN;DURAN;CA;West;M;Cashier;43;1;68781;1;1;1;MARRIED
CU4009;HUEY;LILLY;CA;West;M;Mason;52;0;61029;0;1;0;SINGLE
CU3587;OCTAVIO;FENTON;MI;Midwest;M;Construction Laborer;43;0;68734;0;1;1;MARRIED
CU6758;MASON;ALONZO;NY;NorthEast;M;Administrative Assistant;62;1;56578;0;1;1;WIDOWED
CU14746;ROMAN;LILES;NY;NorthEast;M;PROF-26;21;0;59885;3;1;1;MARRIED
CU13188;ABEL;RUBIO;NC;South;M;Programmer/Developer;19;1;63492;3;1;1;SINGLE
CU14965;MEGHANN;MATLOCK;CA;West;F;Cashier;34;0;62654;1;1;1;DIVORCED
CU15852;ALDEN;RICHMOND;CA;West;M;PROF-12;25;0;66813;3;1;1;SINGLE
CU6275;LESTER;FLETCHER;MI;Midwest;M;Not specified;50;0;61384;2;1;1;MARRIED
CU12404;REFUGIO;BURKS;CA;West;M;Nurse;31;0;58545;3;1;1;SINGLE
CU14487;RODNEY;DORAN;CA;West;M;Waiter/Waitress;28;0;71198;3;1;0;SINGLE
CU9791;ETHELENE;HYATT;DC;NorthEast;F;Cashier;55;0;59176;1;1;1;MARRIED
CU8696;LEESA;BRADSHAW;CA;West;F;Secretary;39;1;58644;1;1;1;DIVORCED
CU4715;DANA;HACKETT;CA;West;M;Waiter/Waitress;37;1;65744;3;1;1;MARRIED
CU4020;ALVIN;KENNEDY;NY;NorthEast;M;Administrative Assistant;48;1;64175;0;1;0;SINGLE
CU6365;KATTIE;LYLES;NC;South;F;Author;54;1;57293;6;1;2;DIVORCED
CU7974;BYRON;CLEVENGER;FL;South;M;Nurse;27;0;64028;3;1;1;SINGLE
CU5712;MARCUS;BLANTON;MI;Midwest;M;Software Engineer;69;1;67081;1;1;0;SINGLE
CU14018;CRISTIN;LOFTON;MO;Midwest;F;PROF-30;67;1;74018;5;1;1;MARRIED
CU11034;LESTER;ALLISON;NY;NorthEast;M;Accountant;28;0;67283;3;1;1;SINGLE
CU3197;ANGEL;PLATT;CA;West;M;PROF-24;41;0;69999;3;1;1;DIVORCED
CU11501;BILL;MIZE;CA;West;M;First-line Manager;25;1;57415;3;1;1;MARRIED
CU3044;SHELIA;BARTH;WA;West;F;Cashier;49;1;65520;1;1;1;MARRIED
CU9404;LENNA;DUGAN;IL;Midwest;F;Bank Teller;21;1;69868;5;1;1;MARRIED
CU9988;HILARIO;ELLER;MI;Midwest;M;PROF-2;18;1;64887;3;1;1;SINGLE
CU12672;ALISON;BUTCHER;MI;Midwest;F;PROF-7;41;0;66765;1;1;1;MARRIED
CU14893;BRICE;KENT;NY;NorthEast;M;PROF-29;20;0;66250;3;1;1;MARRIED
CU2491;UTE;RAMOS;CA;West;F;PROF-30;55;1;62741;1;1;1;MARRIED
CU12216;DEAN;BOWEN;NY;NorthEast;M;PROF-3;33;0;59108;3;1;1;SINGLE
CU5319;MELVIN;SHERWOOD;CA;West;M;Nurse;34;0;69742;0;1;1;DIVORCED
CU15879;MICHEL;MCKEE;UT;Southwest;M;Technical Writer;26;0;61674;3;1;1;SINGLE
CU2269;BECKI;HELM;MO;Midwest;F;Cashier;44;0;65418;1;1;1;DIVORCED
CU7814;RAFAEL;GREENBERG;NY;NorthEast;M;Administrative Assistant;0;0;58456;0;1;0;SINGLE
CU12180;DUANE;BRYSON;NY;NorthEast;M;Dentist;44;0;62560;3;1;1;MARRIED
CU8450;CARTER;BERNIER;NV;Southwest;M;Professor;24;0;70993;3;1;1;SINGLE
CU2536;GERMAN;FRIEDMAN;NY;NorthEast;M;PROF-57;33;0;59065;0;0;0;SINGLE
CU4153;STACY;ROSALES;MI;Midwest;M;PROF-38;32;1;63222;6;1;1;DIVORCED
CU10477;OMAR;MAGUIRE;MI;Midwest;M;First-line Manager;21;0;57733;3;1;1;SINGLE
CU13221;ILANA;STEWART;LA;South;F;Veterinarian;39;0;77971;1;1;1;DIVORCED
CU12128;RILEY;PEPPER;MI;Midwest;M;PROF-37;19;0;55385;3;1;1;MARRIED
CU12235;DARRON;NOBLES;OR;West;M;Waiter/Waitress;19;0;70272;3;1;1;SINGLE
CU1935;ERASMO;BRAND;CA;West;M;Accountant;66;1;58873;6;1;1;DIVORCED
CU10375;LYLE;METZGER;NY;NorthEast;M;Nurse;77;1;62791;1;1;1;SINGLE
CU13664;ASHLEY;LOZANO;NY;NorthEast;F;PROF-65;46;0;37572;3;1;1;MARRIED
CU7426;LESLEY;BRANCH;NY;NorthEast;M;PROF-13;39;0;71821;3;1;1;MARRIED
CU8916;FRANCIS;GAGNE;DC;NorthEast;M;Nurse;42;1;64367;2;1;1;DIVORCED
CU14750;ANTONIO;AUSTIN;MI;Midwest;M;Author;48;1;67163;6;1;1;DIVORCED
CU7922;DONNELL;HANCOCK;IL;Midwest;M;Programmer/Developer;29;0;60550;3;1;0;SINGLE
CU11324;GILBERT;LIU;NY;NorthEast;M;PROF-43;42;0;81832;3;1;1;MARRIED
CU7481;ERIN;BLACKMAN;NY;NorthEast;M;Programmer/Developer;23;0;58079;3;1;0;SINGLE
CU14507;STEVEN;CRAVEN;NY;NorthEast;M;Programmer/Developer;24;1;71886;3;1;0;SINGLE
CU1704;ILLA;MCCORD;MI;Midwest;F;IT Staff;57;1;70982;1;1;1;DIVORCED
CU8915;JEROMY;HINDS;NY;NorthEast;M;PROF-5;22;0;70401;0;0;0;SINGLE
CU15828;ALBERTO;MATLOCK;MI;Midwest;M;Medical Doctor;0;0;66119;0;1;0;SINGLE
CU135;ROSAMOND;HOGUE;NY;NorthEast;F;IT Staff;38;1;60195;1;1;1;DIVORCED
CU876;BERNEICE;CURRY;CA;West;F;Author;55;1;55726;5;1;2;DIVORCED
CU3852;MERVIN;BAUM;DC;NorthEast;M;Veterinarian;28;1;70347;0;1;2;MARRIED
CU72;KENNA;JARRETT;IL;Midwest;F;School Teacher;67;1;63581;2;1;1;WIDOWED
CU10011;MOZELLA;CAREY;MI;Midwest;F;PROF-16;39;0;92802;1;1;1;MARRIED
CU13908;EDWARDO;DEMPSEY;CA;West;M;Construction Laborer;44;0;65940;0;1;0;SINGLE
CU7244;MARLIN;HIGHTOWER;CA;West;M;Nurse;23;0;56255;0;1;0;SINGLE
CU2943;LOWELL;BLANCO;NY;NorthEast;M;Bank Teller;51;1;59348;0;1;0;SINGLE
CU9663;ORVILLE;ISAAC;CA;West;M;Nurse;23;1;61616;3;1;1;SINGLE
CU13887;DARLINE;HUDSON;NY;NorthEast;F;Dentist;30;1;59067;1;1;2;MARRIED
CU12409;BRICE;DUNCAN;CA;West;M;Programmer/Developer;21;0;57282;3;1;0;SINGLE
CU5795;BILLY;BROWNE;MI;Midwest;M;PROF-48;79;1;69639;0;1;0;SINGLE
CU10855;NELSON;CORONA;NY;NorthEast;M;Lab Technician;26;1;70978;3;1;1;DIVORCED
CU14560;COLTON;DUNN;NY;NorthEast;M;IT Staff;51;1;61126;1;1;1;DIVORCED
CU6556;DOMINICK;DIAMOND;CA;West;M;Software Engineer;45;0;68006;3;1;1;MARRIED
CU1065;ULYSSES;MAYNARD;MI;Midwest;M;Author;0;0;68468;0;1;0;SINGLE
CU15231;JACKIE;HEATH;UT;Southwest;M;PROF-5;0;0;64993;3;1;0;SINGLE
CU6993;RUBEN;STAHL;MI;Midwest;M;Nurse;68;0;82343;0;1;0;SINGLE
CU259;ORLANDO;GILL;CA;West;M;Construction Laborer;30;0;64971;3;1;1;MARRIED
CU27;HAL;DEVINE;NV;Southwest;M;Homemaker;39;1;65390;1;1;0;SINGLE
CU12567;SIMON;HOLLOWAY;FL;South;M;Truck Driver;25;0;69980;1;1;1;DIVORCED
CU10707;TREENA;MERRITT;CA;West;F;PROF-5;35;0;63993;1;1;1;MARRIED
CU5262;JOHNNIE;KOHLER;OR;West;M;Not specified;36;0;65506;0;1;1;DIVORCED
CU14153;WALLACE;MCMILLAN;NY;NorthEast;M;Construction Laborer;32;0;64183;3;1;1;SINGLE
CU4663;BRITTANIE;COLVIN;DC;NorthEast;F;Cashier;49;1;64902;2;1;1;DIVORCED
CU7200;MARCUS;BOWIE;UT;Southwest;M;First-line Manager;79;0;66318;6;1;0;SINGLE
CU10410;AUGUSTINE;KNIGHT;NY;NorthEast;M;Nurse;24;0;64415;3;1;1;SINGLE
CU339;JAIME;HOOD;DC;NorthEast;M;Nurse;48;1;62477;0;1;0;SINGLE
CU13739;WILLIE;BROCK;MI;Midwest;M;Construction Laborer;30;0;58128;3;1;2;SINGLE
CU6291;LUE;GILCHRIST;CA;West;F;Medical Doctor;45;0;59755;3;1;2;DIVORCED
CU14851;ROSARIO;CLINE;MN;West;M;School Teacher;37;0;61162;0;0;0;SINGLE
CU3323;EDGARDO;VILLALOBOS;NY;NorthEast;M;Clerical;47;0;73571;1;1;1;MARRIED
CU9347;TAYNA;HENLEY;CA;West;F;Author;72;0;69457;1;1;1;MARRIED
CU3376;PHYLLIS;DAWKINS;MI;Midwest;F;Plumber;40;1;63840;1;1;1;DIVORCED
CU9374;MARCOS;JAMISON;IL;Midwest;M;Publisher;30;1;68785;5;1;1;DIVORCED
CU7767;LETTIE;BECERRA;CA;West;F;Software Engineer;59;1;76739;1;1;1;WIDOWED
CU2769;LEOPOLDO;MCKAY;MN;West;M;Fireman;45;1;65101;0;1;1;MARRIED
CU8536;DARRYL;PALMER;MI;Midwest;M;Plumber;53;1;69267;0;1;0;SINGLE
CU12702;MARCELINE;BROUSSARD;MN;West;F;PROF-39;46;0;76169;4;1;1;DIVORCED
CU11325;EVERETT;WALSH;WI;Midwest;M;Programmer/Developer;27;0;54882;3;1;1;SINGLE
CU1653;KRISTAN;COREY;CA;West;F;IT Staff;70;1;75250;1;1;2;WIDOWED
CU15780;DONNELL;CARVER;CA;West;M;Programmer/Developer;28;1;58279;3;1;0;SINGLE
CU2799;EDDIE;CASTANEDA;MI;Midwest;F;IT Staff;46;1;64759;1;1;1;DIVORCED
CU6859;JANETH;HOSKINS;MI;Midwest;F;IT Staff;53;1;71933;1;1;1;DIVORCED
CU3537;LAWRENCE;BOGGS;CA;West;M;PROF-3;48;1;61958;1;1;1;DIVORCED
CU5726;HWA;DYSON;CA;West;F;Waiter/Waitress;56;1;60912;3;1;2;WIDOWED
CU3892;JAMAAL;ROBERSON;NY;NorthEast;M;PROF-47;45;1;58676;0;1;1;DIVORCED
CU7791;MORTON;POPE;CA;West;M;Lab Technician;31;1;72144;1;1;1;DIVORCED
CU73;DAVINA;VOGEL;NY;NorthEast;F;PROF-63;0;1;66857;3;1;1;MARRIED
CU8218;LEN;GRIFFITH;NY;NorthEast;M;Sales Representative;30;1;65304;3;1;1;MARRIED
CU5460;DAYLE;WEATHERS;CA;West;F;Law Enforcement Officer;34;1;101688;1;1;1;OTHER
CU8921;KATHY;SHERIDAN;NY;NorthEast;F;Veterinarian;48;1;63826;4;1;1;MARRIED
CU10655;LOGAN;CHILDS;NY;NorthEast;M;PROF-3;25;1;67863;3;1;1;MARRIED
CU14743;DEWEY;CONNER;CA;West;M;PROF-30;22;0;59720;3;0;0;SINGLE
CU15069;GARY;GATES;NY;NorthEast;M;PROF-42;36;0;68137;3;1;1;DIVORCED
CU9515;DANA;PADGETT;NY;NorthEast;M;Nurse;32;1;61870;0;1;0;SINGLE
CU2;MILLARD;BENSON;MI;Midwest;M;Administrative Assistant;32;0;64928;0;1;0;SINGLE
CU8064;TEMEKA;MCMILLIAN;NY;NorthEast;F;Not specified;31;1;46057;1;1;1;MARRIED
CU7394;JENEE;MCCLELLAND;MI;Midwest;F;PROF-29;35;0;63009;1;1;1;MARRIED
CU6250;RENATA;WELCH;NV;Southwest;F;Clerical;44;1;98263;3;1;2;OTHER
CU4176;MAN;MUNIZ;NY;NorthEast;M;Clerical;40;1;48718;1;1;2;MARRIED
CU3095;KITTY;CROW;NY;NorthEast;F;Administrator;49;1;59870;1;1;1;WIDOWED
CU12821;WILLY;CASH;CA;West;M;PROF-4;34;0;65758;3;1;1;MARRIED
CU7070;VAN;WARREN;UT;Southwest;M;Software Engineer;57;1;62517;1;1;1;WIDOWED
CU2611;EDWIN;SALGADO;NY;NorthEast;M;School Teacher;32;1;62236;3;1;1;MARRIED
CU4309;PEGGIE;BLAKE;NV;Southwest;F;IT Staff;35;1;62719;1;1;1;DIVORCED
CU9839;LANE;TRIPP;CA;West;M;PROF-5;54;0;66180;6;1;1;MARRIED
CU13678;SAM;KEYS;MI;Midwest;M;Plumber;48;1;60188;1;1;1;MARRIED
CU15455;JAVIER;REESE;MI;Midwest;M;Truck Driver;33;1;66877;3;1;2;SINGLE
CU13442;WILBURN;VENTURA;FL;South;M;Programmer/Developer;23;0;64746;3;0;0;SINGLE
CU6543;STAN;HARRIS;FL;South;M;Veterinarian;50;1;59582;0;1;0;SINGLE
CU14250;STEVEN;SWEET;MI;Midwest;F;Law Enforcement Officer;43;1;73464;1;1;1;DIVORCED
CU4808;DINORAH;FELIX;CA;West;F;Not specified;40;0;67482;5;1;1;DIVORCED
CU11958;ALEIDA;RAMSEY;CA;West;F;IT Staff;36;1;80454;4;1;1;DIVORCED
CU1954;CLEO;SHOOK;CO;West;M;PROF-24;41;0;65044;0;1;0;SINGLE
CU2855;WYNONA;CASH;WI;Midwest;F;IT Staff;44;1;60271;1;1;1;DIVORCED
CU4775;ANTIONE;VALENCIA;MI;Midwest;M;PROF-18;28;0;68419;3;1;1;DIVORCED
CU1915;MELANY;HAMILTON;NY;NorthEast;F;Bank Teller;53;1;63109;2;1;1;MARRIED
CU14254;MERVIN;THARP;NY;NorthEast;M;IT Staff;34;1;61585;1;1;1;DIVORCED
CU2866;MARJORY;SHELL;MI;Midwest;F;IT Staff;39;1;65534;1;1;1;DIVORCED
CU1612;VALERIE;VILLARREAL;MI;Midwest;F;PROF-19;54;0;75110;1;1;1;DIVORCED
CU3835;ARMANDO;GANT;CA;West;M;Childcare Worker;43;0;58404;3;1;1;MARRIED
CU385;ARIELLE;DYE;NY;NorthEast;F;School Teacher;79;1;71057;5;1;1;DIVORCED
CU6461;CARLOS;NEAL;NY;NorthEast;M;Nurse;62;1;68116;0;1;0;SINGLE
CU15821;RASHAD;JEFFERSON;NY;NorthEast;M;Sales Representative;22;0;75552;3;1;1;MARRIED
CU8826;DANIEL;DICKENS;MI;Midwest;M;Clerical;28;1;67315;5;1;1;DIVORCED
CU4113;JUDE;HATCH;MI;Midwest;M;PROF-18;35;0;61933;3;1;1;MARRIED
CU10236;ALFRED;DELACRUZ;FL;South;M;Programmer/Developer;26;1;62275;3;0;0;SINGLE
CU5144;PORSHA;CARRASCO;MI;Midwest;F;Law Enforcement Officer;64;1;69836;1;1;1;DIVORCED
CU8530;SID;CLIFFORD;MI;Midwest;M;PROF-29;47;1;63074;1;1;0;SINGLE
CU1015;RALEIGH;HYDE;WI;Midwest;M;Waiter/Waitress;48;1;60556;3;1;1;MARRIED
CU14991;ROBIN;ZEIGLER;OR;West;M;Waiter/Waitress;19;0;66442;3;1;1;SINGLE
CU13624;DARIO;MARINO;NY;NorthEast;M;Clerical;29;0;62494;1;1;1;MARRIED
CU7744;GREG;UPTON;NY;NorthEast;M;Construction Laborer;48;1;67566;1;1;1;MARRIED
CU5698;NOELIA;OROURKE;NY;NorthEast;F;IT Staff;74;1;59039;1;1;1;WIDOWED
CU12367;JOY;MATTHEWS;MN;West;F;Clerical;41;1;92255;3;1;1;MARRIED
CU11694;JAN;CRAWFORD;CA;West;M;PROF-51;32;0;84160;3;1;1;MARRIED
CU2185;ALFONSO;SANTIAGO;MS;South;M;First-line Manager;47;1;61681;0;1;0;SINGLE
CU12663;HERSHEL;PARSONS;CA;West;M;Waiter/Waitress;23;1;68113;3;1;1;SINGLE
CU2555;REGINALD;MEJIA;OH;Midwest;M;Professor;41;0;63722;0;1;1;MARRIED
CU5351;CRYSTAL;BARBER;MI;Midwest;F;Cashier;28;1;61194;1;1;1;MARRIED
CU15809;HARLAND;CARVER;DC;NorthEast;M;Waiter/Waitress;39;0;68371;1;1;1;MARRIED
CU10745;TRENTON;MORENO;MI;Midwest;M;Programmer/Developer;30;0;63925;3;0;0;SINGLE
CU5151;RUBIN;HEALY;NY;NorthEast;M;Technical Writer;43;0;60500;0;1;0;SINGLE
CU11246;DONNY;FAULKNER;CA;West;M;Secretary;31;0;60979;3;1;1;MARRIED
CU216;FREDRIC;LEVIN;NY;NorthEast;M;Author;83;0;65218;1;1;1;SINGLE
CU5056;CORY;BABCOCK;CA;West;M;Professor;32;0;61776;2;1;1;MARRIED
CU15116;RODOLFO;BARON;CA;West;M;Cashier;45;0;61399;6;1;1;DIVORCED
CU14993;RODNEY;SCRUGGS;NY;NorthEast;M;PROF-31;34;1;59721;3;1;1;MARRIED
CU6501;ELIZABETH;BARGER;CA;West;F;PROF-2;66;1;70907;6;1;1;DIVORCED
CU4871;CORDELIA;BRANHAM;CA;West;F;Homemaker;38;0;55475;1;1;1;MARRIED
CU13515;WYATT;BLAIR;MI;Midwest;M;Programmer/Developer;28;0;64462;3;0;0;SINGLE
CU938;RASHAD;GOFF;CA;West;M;Fireman;60;0;59368;0;1;0;SINGLE
CU5310;CAROLEE;ONEIL;MI;Midwest;F;Veterinarian;28;1;62354;1;1;2;DIVORCED
CU4914;DEVIN;TYSON;CA;West;M;Administrator;42;0;62427;0;1;1;MARRIED
CU8955;RICARDA;MAGEE;MI;Midwest;F;Clerical;32;1;50758;1;1;2;MARRIED
CU14800;CORDELIA;STARR;NY;NorthEast;F;Not specified;43;0;74803;1;1;1;MARRIED
CU15766;LEONARD;BERGERON;NY;NorthEast;M;Clerical;41;1;59261;4;1;0;SINGLE
CU5759;SYLVIE;BEATTY;MI;Midwest;F;Publisher;55;1;61580;3;1;2;WIDOWED
CU692;DANNIE;KEATING;NY;NorthEast;M;Clerical;59;1;61270;2;1;1;WIDOWED
CU4105;ANTONY;GUIDRY;MI;Midwest;M;PROF-49;29;1;65668;4;1;1;MARRIED
CU13265;FOREST;HAGER;FL;South;M;Programmer/Developer;27;0;70582;1;0;0;SINGLE
CU6227;GRAHAM;RILEY;NY;NorthEast;M;Not specified;43;1;69268;1;1;1;DIVORCED
CU4292;NEAL;MATTINGLY;MI;Midwest;M;IT Staff;34;1;64180;1;1;1;MARRIED
CU7681;JUDE;POST;NY;NorthEast;M;Sales Representative;24;0;58981;3;1;1;SINGLE
CU14310;CECIL;EGAN;CA;West;M;Veterinarian;50;0;78125;3;1;1;MARRIED
CU11113;VAL;HUGGINS;NY;NorthEast;M;Childcare Worker;35;1;58567;3;1;1;MARRIED
CU14302;TRINIDAD;WOODY;CA;West;M;Nurse;23;0;66488;3;0;0;SINGLE
CU7839;KIM;SHIRLEY;MI;Midwest;M;Nurse;34;0;59621;0;0;0;SINGLE
CU15289;FRANKLIN;KNOX;UT;Southwest;M;Professor;46;0;73987;1;1;1;MARRIED
CU4101;ARTHUR;PULLIAM;MI;Midwest;M;IT Staff;33;0;71417;0;1;1;MARRIED
CU2570;TYNISHA;HUTSON;NY;NorthEast;F;IT Staff;68;1;57124;1;1;1;WIDOWED
CU11231;AKILAH;MULLEN;UT;Southwest;F;Veterinarian;33;1;62482;5;1;1;DIVORCED
CU5289;WILEY;BORDEN;MI;Midwest;M;Veterinarian;28;1;68947;3;1;1;MARRIED
CU3084;SHON;COHEN;NY;NorthEast;M;PROF-44;24;0;57964;0;1;0;SINGLE
CU7866;PEARLIE;PERALTA;CA;West;F;Waiter/Waitress;46;0;69444;1;1;1;MARRIED
CU13120;DARWIN;MACK;NC;South;M;Construction Laborer;30;0;60554;1;1;1;SINGLE
CU6243;DWAYNE;LITTLEJOHN;CA;West;M;PROF-33;45;0;64799;3;1;0;SINGLE
CU6466;GWYN;KOENIG;CA;West;F;Fireman;54;1;56361;1;1;2;DIVORCED
CU9798;PEDRO;GRACE;FL;South;M;Nurse;48;0;66711;0;0;0;SINGLE
CU12208;FIDEL;WEATHERS;NV;Southwest;M;IT Staff;32;1;66479;1;1;1;DIVORCED
CU13133;DALLAS;WILHELM;NY;NorthEast;M;Programmer/Developer;22;1;68679;3;0;0;SINGLE
CU14553;RANDALL;JENNINGS;NY;NorthEast;M;Technical Writer;19;0;67224;3;1;1;SINGLE
CU11341;ARLEN;LY;NY;NorthEast;M;Programmer/Developer;29;0;58086;3;0;0;SINGLE
CU9102;ALONZO;PUGH;CA;West;M;PROF-5;31;0;65843;3;1;1;SINGLE
CU11209;WILL;ABRAHAM;CA;West;M;Sales Representative;33;0;62475;3;1;1;MARRIED
CU14291;ANIBAL;BALL;NY;NorthEast;M;Administrative Assistant;0;0;57542;0;1;0;SINGLE
CU11516;CHARLESETTA;FORTUNE;NV;Southwest;F;Clerical;51;0;70044;1;1;1;DIVORCED
CU534;THEODORA;HACKETT;NY;NorthEast;F;Clerical;74;1;66848;1;1;2;WIDOWED
CU2956;LINDSAY;CARMONA;DC;NorthEast;M;Cashier;34;0;64101;4;1;1;MARRIED
CU8630;CARMINE;LACKEY;WA;West;M;Waiter/Waitress;28;0;62456;3;1;1;SINGLE
CU6674;GILMA;FIELDS;FL;South;F;IT Staff;35;1;57213;1;1;1;DIVORCED
CU7733;REINALDO;WALKER;NC;South;M;Programmer/Developer;22;1;71397;3;1;1;MARRIED
CU9746;EUSEBIO;PROCTOR;OK;Midwest;M;Programmer/Developer;21;0;65606;3;1;1;MARRIED
CU4544;DEON;ROCKWELL;CA;West;M;Cashier;29;1;59670;3;1;1;DIVORCED
CU153;FLORENTINO;DUGAN;MI;Midwest;M;Author;77;0;60958;3;1;1;MARRIED
CU577;KENDALL;ESCOBAR;CA;West;M;Veterinarian;26;1;65108;1;1;1;MARRIED
CU4116;NORMAND;HO;MI;Midwest;M;PROF-5;52;1;64173;3;1;0;SINGLE
CU8583;PABLO;WHITMORE;CA;West;M;Dentist;26;1;62117;3;1;1;SINGLE
CU13235;RODNEY;KEY;NY;NorthEast;M;Programmer/Developer;23;0;61908;3;1;1;SINGLE
CU13847;MARYROSE;BELTRAN;MI;Midwest;F;Programmer/Developer;37;0;58703;1;1;1;MARRIED
CU9125;OTTO;WILLETT;CA;West;M;Construction Laborer;0;0;70227;0;0;0;SINGLE
CU7837;JULIUS;BRAVO;NV;Southwest;M;First-line Manager;28;0;60528;0;0;0;SINGLE
CU6791;TY;MCINTYRE;NY;NorthEast;M;Nurse;49;0;60501;0;1;0;SINGLE
CU4245;LINWOOD;WEIR;CA;West;M;Not specified;48;1;68959;1;1;0;SINGLE
CU8506;JON;DUTTON;MI;Midwest;M;Plumber;48;0;70749;1;1;1;DIVORCED
CU10680;DOMINIQUE;PUGH;CA;West;M;Bank Teller;39;1;68987;2;1;1;MARRIED
CU2366;VIRGILIO;LEVY;CO;West;M;Administrative Assistant;46;1;61075;0;1;0;SINGLE
CU7014;SON;WALSH;MI;Midwest;M;Nurse;67;0;60998;0;1;0;SINGLE
CU10518;ZACHERY;RUDOLPH;CA;West;M;Nurse;41;1;66533;0;0;0;SINGLE
CU860;JIM;HOPPER;NY;NorthEast;M;Administrative Assistant;0;0;74494;0;1;0;SINGLE
CU13297;MARQUIS;MALLOY;NY;NorthEast;M;Truck Driver;25;1;68988;3;1;1;DIVORCED
CU8716;FRANK;SHEPPARD;NY;NorthEast;M;Nurse;44;0;62848;3;1;2;SINGLE
CU4845;MARGRET;GARVIN;NY;NorthEast;F;DBA;47;1;59934;1;1;1;DIVORCED
CU15400;WILLIAMS;MYERS;NY;NorthEast;M;Nurse;27;0;63498;3;1;1;SINGLE
CU5114;MARIAM;COTTRELL;NY;NorthEast;F;IT Staff;64;1;57693;1;1;1;DIVORCED
CU11130;JANYCE;LIM;MI;Midwest;F;PROF-22;50;1;61493;1;1;1;MARRIED
CU3265;JERRELL;KIM;FL;South;M;PROF-23;35;1;59851;4;1;1;MARRIED
CU10411;STEWART;PAYTON;NY;NorthEast;M;Truck Driver;34;0;59975;3;1;1;MARRIED
CU8180;SETH;HUMPHREYS;WA;West;M;PROF-25;37;0;56582;3;1;1;DIVORCED
CU13653;MIQUEL;CHERRY;NY;NorthEast;M;Administrative Assistant;53;0;60108;3;1;1;SINGLE
CU7701;HUNTER;HURLEY;NY;NorthEast;M;Programmer/Developer;22;0;67076;3;1;0;SINGLE
CU4371;LILLY;GRADY;MS;South;F;IT Staff;46;1;63268;1;1;1;MARRIED
CU13390;RODERICK;WAGONER;MI;Midwest;M;PROF-27;47;0;65955;3;1;1;SINGLE
CU9594;JERRICA;KHAN;CA;West;F;Homemaker;53;0;64428;1;1;1;DIVORCED
CU12638;OTTO;HARMON;CA;West;M;PROF-4;27;1;59127;3;1;1;MARRIED
CU11877;SANFORD;JOSEPH;NY;NorthEast;M;Professor;30;0;63363;3;1;1;MARRIED
CU8238;ARGENTINA;FLAHERTY;OR;West;F;Author;58;0;60740;1;1;1;MARRIED
CU8734;SCARLET;MERRILL;NY;NorthEast;F;Programmer/Developer;31;0;63251;5;1;2;MARRIED
CU6061;LAURENCE;MCCABE;NY;NorthEast;M;Secretary;50;1;61083;1;1;1;DIVORCED
CU9038;KURTIS;BUNDY;DC;NorthEast;M;Waiter/Waitress;68;0;58918;0;1;1;MARRIED
CU8196;RUBIE;CARON;MI;Midwest;F;Programmer/Developer;36;0;73019;1;1;1;DIVORCED
CU10447;JIMMIE;CHRISTIE;NY;NorthEast;M;Sales Representative;26;1;66575;3;1;1;DIVORCED
CU6315;MELLISSA;CAMPBELL;CA;West;F;Waiter/Waitress;53;1;73881;1;1;0;WIDOWED
CU5177;ELOIS;WATSON;NY;NorthEast;F;Veterinarian;45;1;64610;2;1;2;DIVORCED
CU9385;DAVINA;MULLEN;MI;Midwest;F;Construction Laborer;30;0;54947;1;1;1;MARRIED
CU12228;MARVIN;PEOPLES;MI;Midwest;M;IT Staff;41;1;64244;3;1;1;DIVORCED
CU895;KIT;MOFFETT;NY;NorthEast;F;Not specified;41;0;60028;1;1;2;DIVORCED
CU10473;FLORENCIO;HAINES;DC;NorthEast;M;IT Staff;24;1;60249;1;1;1;MARRIED
CU3742;NOE;HARMON;NY;NorthEast;M;Plumber;58;1;69057;3;1;1;DIVORCED
CU4470;DARYL;NORWOOD;MI;Midwest;M;Construction Laborer;33;1;65217;0;1;0;SINGLE
CU1228;ZACHERY;CHILDRESS;NY;NorthEast;M;Administrative Assistant;39;1;64714;0;1;0;SINGLE
CU6620;NATISHA;HENRY;NY;NorthEast;F;PROF-5;51;0;61725;1;1;1;DIVORCED
CU14833;ERICH;LAND;CA;West;M;Waiter/Waitress;23;1;60405;3;1;1;SINGLE
CU7107;ISRAEL;BRANCH;CA;West;M;Nurse;63;1;67617;0;1;0;SINGLE
CU1861;DELORA;BEGAY;CA;West;F;IT Staff;56;1;67415;6;1;1;WIDOWED
CU11260;CHARLIE;STEWARD;NY;NorthEast;M;Programmer/Developer;23;0;59140;3;1;0;SINGLE
CU11693;JANYCE;HUNTLEY;NY;NorthEast;F;Truck Driver;31;0;67598;5;1;1;DIVORCED
CU11143;BUSTER;BEATY;NY;NorthEast;M;Programmer/Developer;23;0;63463;3;1;1;MARRIED
CU10505;JEFFREY;LESLIE;MI;Midwest;M;Programmer/Developer;27;0;67794;3;1;0;SINGLE
CU11355;KENETH;RADFORD;NY;NorthEast;M;First-line Manager;32;0;72509;2;1;1;DIVORCED
CU14664;SASHA;MOSHER;NY;NorthEast;F;PROF-54;28;0;50175;1;1;1;DIVORCED
CU13245;MAEGAN;GROVE;MI;Midwest;F;PROF-14;31;1;60692;1;1;1;DIVORCED
CU12107;CHANG;VALENTIN;MI;Midwest;M;Sales Representative;27;0;61515;3;0;0;SINGLE
CU9138;MAGALI;COVINGTON;CA;West;F;Administrator;51;1;67015;4;1;1;DIVORCED
CU5676;JOESPH;KESSLER;CA;West;M;Administrative Assistant;63;1;72385;2;1;0;DIVORCED
CU3921;HARVEY;LAU;CA;West;M;PROF-40;43;0;61460;1;1;1;MARRIED
CU6825;TAD;OGDEN;NY;NorthEast;M;Administrative Assistant;49;1;65742;0;1;0;SINGLE
CU6641;RYAN;MCKINNEY;NY;NorthEast;M;Administrative Assistant;24;0;67907;0;1;1;SINGLE
CU10597;CODI;BLANCHARD;NV;Southwest;F;IT Staff;34;1;60151;1;1;1;DIVORCED
CU6928;VIOLETTE;CHRISTIANSEN;MS;South;F;PROF-13;36;1;58069;1;1;1;DIVORCED
CU12331;AL;FRANK;WA;West;M;Programmer/Developer;21;0;75415;3;1;0;SINGLE
CU544;BRET;SHULTZ;MI;Midwest;M;Administrative Assistant;0;0;70097;0;1;0;SINGLE
CU3569;DESMOND;HANKS;CA;West;M;Not specified;47;0;69003;1;1;1;DIVORCED
CU4828;CLARISA;OROURKE;NY;NorthEast;F;Veterinarian;47;0;61914;1;1;1;MARRIED
CU12112;GERALDO;DUGAN;OH;Midwest;M;Veterinarian;26;1;62520;3;1;1;SINGLE
CU3003;TEDDY;GAY;NY;NorthEast;M;Programmer/Developer;21;1;63061;3;1;1;MARRIED
CU3421;WILBURN;SPAULDING;OR;West;M;Veterinarian;40;1;62277;1;1;2;MARRIED
CU13562;MATT;PERRY;NY;NorthEast;M;Mason;28;0;60726;3;1;1;SINGLE
CU8726;DREW;VANCE;NY;NorthEast;M;Programmer/Developer;27;1;61628;3;1;0;SINGLE
CU15798;BERT;VELAZQUEZ;UT;Southwest;M;PROF-17;17;0;60866;3;1;1;SINGLE
CU2880;DOTTY;RITCHIE;MI;Midwest;F;PROF-52;43;1;69326;1;1;2;DIVORCED
CU14514;AMBROSE;ROPER;NY;NorthEast;M;PROF-12;64;1;62566;3;1;1;MARRIED
CU3040;JACOB;WILEY;NV;Southwest;M;Sales Representative;50;1;60674;0;1;0;SINGLE
CU6286;LUCIEN;GIFFORD;DC;NorthEast;M;Secretary;49;1;81059;1;1;1;DIVORCED
CU9024;JESSE;MORELAND;NY;NorthEast;M;Programmer/Developer;26;1;66248;3;1;1;DIVORCED
CU12515;CEDRIC;LILES;NY;NorthEast;M;Dentist;23;0;59015;3;1;1;MARRIED
CU14140;VERN;BARRERA;NY;NorthEast;M;Nurse;36;0;59948;1;1;1;SINGLE
CU1516;JOESPH;POOLE;CA;West;M;Sales Representative;0;0;66523;0;1;0;SINGLE
CU6927;DESHAWN;PEREIRA;NY;NorthEast;M;Nurse;34;0;76159;0;1;0;SINGLE
CU4758;DOMINGO;TANNER;MN;West;M;PROF-14;46;0;63778;1;1;1;DIVORCED
CU13357;FAUSTINO;ALLISON;NV;Southwest;M;PROF-24;0;0;72725;0;1;0;SINGLE
CU14304;THEODORE;GALLEGOS;NY;NorthEast;M;Programmer/Developer;22;0;75233;3;0;0;SINGLE
CU8617;JESS;CURRAN;DC;NorthEast;M;Cashier;46;1;63760;1;1;2;MARRIED
CU10339;STEPHENIE;FOLEY;FL;South;F;PROF-23;44;0;64128;1;1;1;MARRIED
CU3799;HOMER;KIRKLAND;MN;West;M;DBA;33;1;59435;1;1;1;DIVORCED
CU11886;ULYSSES;DOUGHERTY;NY;NorthEast;M;Nurse;22;0;60646;3;1;1;SINGLE
CU3935;DAHLIA;KILGORE;CA;West;F;PROF-16;44;0;68955;5;1;1;MARRIED
CU5700;SAMMIE;DICK;NY;NorthEast;M;Administrative Assistant;71;1;65713;0;1;0;SINGLE
CU5110;ARLIE;LEHMAN;MI;Midwest;M;PROF-65;28;1;60352;3;1;1;DIVORCED
CU3646;MCKINLEY;GILMORE;FL;South;M;Not specified;0;0;62688;0;1;0;SINGLE
CU14011;JAVIER;BUCKNER;DC;NorthEast;M;Cashier;45;0;79336;1;1;1;MARRIED
CU1091;APRYL;DODGE;NY;NorthEast;F;Administrative Assistant;65;1;59819;5;1;1;DIVORCED
CU4843;CECIL;STONE;NV;Southwest;M;Not specified;29;1;70435;3;1;1;MARRIED
CU15839;HARLAN;SILVER;NY;NorthEast;M;Professor;22;0;56929;3;0;0;SINGLE
CU13956;NEIL;CLEMENTS;NY;NorthEast;M;PROF-1;28;0;74323;1;1;1;MARRIED
CU4147;FLETCHER;DIETZ;WI;Midwest;M;Waiter/Waitress;23;0;61649;0;1;0;SINGLE
CU15889;EVERETTE;JENNINGS;UT;Southwest;M;First-line Manager;36;0;76984;1;1;1;MARRIED
CU11850;EDGAR;WHEELER;OR;West;M;Programmer/Developer;28;0;59517;3;1;1;SINGLE
CU15161;TYRELL;PARHAM;CA;West;M;Programmer/Developer;22;0;71233;3;1;1;SINGLE
CU10784;MIKEL;CRANE;CA;West;M;Cashier;49;1;66675;1;1;1;MARRIED
CU1829;NATHANIEL;DONAHUE;DC;NorthEast;M;Cashier;49;1;65943;3;1;1;DIVORCED
CU9313;GENEVA;LI;MI;Midwest;F;PROF-34;28;0;60373;1;1;1;DIVORCED
CU13795;ABRAM;ESTRADA;NY;NorthEast;M;Fireman;28;0;67990;1;1;1;MARRIED
CU4985;JOANNA;BYRNE;NY;NorthEast;F;Professor;46;1;63970;1;1;1;DIVORCED
CU5643;WARNER;DICKSON;CA;West;M;PROF-15;61;1;62462;6;1;1;DIVORCED
CU12982;AARON;PARROTT;DC;NorthEast;M;School Teacher;37;0;85570;3;1;0;SINGLE
CU7187;MILLARD;DICKENS;CA;West;M;Nurse;27;0;58036;0;1;0;SINGLE
CU2245;COLUMBUS;BROOKS;NY;NorthEast;M;Programmer/Developer;25;1;59099;3;1;1;DIVORCED
CU4140;LAWRENCE;GUNTER;MI;Midwest;M;PROF-39;34;1;61815;3;1;0;SINGLE
CU14470;DANIKA;DOTY;MI;Midwest;F;Lab Technician;50;1;55493;1;1;1;MARRIED
CU12070;ELMER;VICK;MI;Midwest;M;PROF-26;23;1;64527;3;1;1;SINGLE
CU7079;DARRICK;SANDERSON;MO;Midwest;M;Nurse;46;0;66946;0;1;0;SINGLE
CU2235;WILLIS;TIDWELL;NY;NorthEast;M;PROF-36;25;1;63842;0;1;0;SINGLE
CU6469;DESHAWN;DOW;CA;West;M;Construction Laborer;25;0;66360;0;1;0;SINGLE
CU6293;FRANCIS;BRITTON;IL;Midwest;M;PROF-20;34;0;60570;0;1;0;SINGLE
CU7028;DORTHA;OJEDA;NY;NorthEast;F;Veterinarian;25;1;62519;5;1;1;DIVORCED
CU5248;MILES;MCKINNON;CA;West;M;IT Staff;0;0;64483;0;1;0;SINGLE
CU4143;RIKKI;FOWLER;NY;NorthEast;F;Administrator;64;1;59768;1;1;1;WIDOWED
CU998;TESSIE;COATES;CO;West;F;Clerical;49;1;71464;3;1;1;DIVORCED
CU8169;ALVARO;ADAMS;NY;NorthEast;M;Publisher;49;0;74091;1;1;1;MARRIED
CU4344;OLIVE;BEARDEN;NY;NorthEast;F;DBA;49;1;70326;1;1;1;WIDOWED
CU13503;EMILE;FRANKS;NY;NorthEast;M;Programmer/Developer;29;1;70926;3;1;0;SINGLE
CU15886;ELISABETH;MERCHANT;UT;Southwest;F;Technical Writer;37;0;57767;1;1;1;MARRIED
CU289;WINDY;CABRERA;WA;West;F;IT Staff;0;1;57340;1;1;1;DIVORCED
CU11683;DANIAL;ZIEGLER;NY;NorthEast;M;Programmer/Developer;19;0;60150;3;1;0;SINGLE
CU6523;MILO;PAGE;MI;Midwest;M;School Teacher;47;1;73935;3;1;1;MARRIED
CU5246;SAM;BRANCH;CA;West;M;Veterinarian;35;1;63304;1;1;1;MARRIED
CU14806;SONNY;ARTHUR;MI;Midwest;M;Author;66;0;68004;3;1;1;MARRIED
CU5442;VITO;SLADE;CA;West;M;PROF-33;33;0;58297;2;1;1;MARRIED
CU9544;KERRIE;RIDER;MO;Midwest;F;Programmer/Developer;29;0;74398;5;1;0;SINGLE
CU12451;CHAS;LUCAS;NV;Southwest;M;Nurse;29;0;61262;2;0;0;SINGLE
CU14068;DUSTY;MITCHELL;CA;West;M;PROF-4;24;0;70937;3;1;1;SINGLE
CU2620;STEPHEN;QUEEN;MI;Midwest;F;Technical Writer;49;0;67163;1;1;1;MARRIED
CU10813;ELLYN;DREW;MI;Midwest;F;First-line Manager;26;0;59688;5;1;1;MARRIED
CU15198;ASHLIE;MCALLISTER;CA;West;F;Waiter/Waitress;33;1;69813;4;1;2;MARRIED
CU2713;AURELIA;BLAND;CA;West;F;Not specified;44;1;45774;0;1;1;MARRIED
CU1134;ALLIE;PRYOR;NY;NorthEast;F;PROF-13;32;1;62359;1;1;1;DIVORCED
CU13508;TRUMAN;PRADO;NY;NorthEast;M;Programmer/Developer;32;0;61102;0;0;0;SINGLE
CU6769;WAYNE;ACKER;IL;Midwest;M;Fireman;54;0;66090;3;1;1;SINGLE
CU7416;CARL;DARBY;CA;West;F;DBA;47;0;65412;1;1;1;DIVORCED
CU2604;MADGE;HILLS;NY;NorthEast;F;Lab Technician;26;0;58200;3;1;1;MARRIED
CU5065;MICAH;CORBIN;NY;NorthEast;M;School Teacher;52;1;84910;5;1;1;DIVORCED
CU2313;MORA;PIERCE;NY;NorthEast;F;IT Staff;46;1;66930;3;1;1;OTHER
CU14770;WILMER;REAGAN;NY;NorthEast;M;First-line Manager;25;0;73401;1;1;1;MARRIED
CU13889;VINITA;WERNER;OR;West;F;Clerical;43;0;88816;1;1;1;MARRIED
CU9437;BARRETT;JORDAN;CA;West;M;PROF-13;46;1;68105;1;1;1;MARRIED
CU3433;MARY;GARY;WA;West;M;Professor;31;0;69545;0;1;1;MARRIED
CU1901;KARINA;FLANAGAN;MI;Midwest;F;PROF-62;0;1;87333;6;1;1;DIVORCED
CU4549;MARTINA;PEACHEY;MI;Midwest;F;PROF-65;42;1;56452;1;1;1;MARRIED
CU9143;STEPHEN;NUGENT;NC;South;M;Dentist;21;0;59245;3;1;1;SINGLE
CU14215;SAM;BOUCHARD;NY;NorthEast;M;Sales Representative;37;0;64916;0;1;0;SINGLE
CU13111;ELBERT;DOTY;NY;NorthEast;M;Construction Laborer;47;0;61935;0;0;0;SINGLE
CU3777;JORGE;CASSIDY;CA;West;M;Medical Doctor;57;1;66134;0;1;0;SINGLE
CU4410;JC;KLINE;NY;NorthEast;M;Clerical;43;0;60547;0;1;1;MARRIED
CU2332;LELAND;GRIMM;OR;West;M;Not specified;51;1;68214;0;1;0;SINGLE
CU4877;MARION;PEPPER;MI;Midwest;M;Homemaker;33;0;60061;3;1;1;MARRIED
CU172;DAN;BLAIR;NY;NorthEast;F;Author;76;1;60675;4;1;1;DIVORCED
CU9897;BRODERICK;CARDONA;NY;NorthEast;M;Dentist;46;0;59079;4;1;1;MARRIED
CU5458;JAMISON;HOOKS;DC;NorthEast;M;Cashier;45;1;65459;0;1;0;SINGLE
CU9328;LAUREN;SNYDER;CA;West;M;Veterinarian;48;0;60258;3;1;1;DIVORCED
CU8983;LANE;RIGGS;MN;West;M;Law Enforcement Officer;35;0;61034;3;1;1;DIVORCED
CU1655;CECIL;MACDONALD;FL;South;M;First-line Manager;50;0;59188;3;1;1;MARRIED
CU13483;DORETHEA;ADAMS;NY;NorthEast;F;Programmer/Developer;32;0;68442;1;1;0;SINGLE
CU9863;NIESHA;GIRARD;MI;Midwest;F;IT Staff;48;1;61884;1;1;1;DIVORCED
CU4584;MICKEY;MIMS;NY;NorthEast;M;Administrative Assistant;50;1;59724;0;1;0;SINGLE
CU14034;MIRANDA;HAGEN;NY;NorthEast;F;Author;61;1;61929;1;1;1;MARRIED
CU8512;SCOTTY;HUYNH;MI;Midwest;M;Programmer/Developer;25;1;57204;3;1;0;SINGLE
CU13369;CALEB;GREEN;MI;Midwest;M;Administrative Assistant;19;0;61123;0;0;0;SINGLE
CU3715;MALCOLM;WEIR;DC;NorthEast;M;Cashier;31;1;59982;1;1;1;MARRIED
CU10361;HONG;PURCELL;CA;West;M;Nurse;41;0;58896;0;1;1;SINGLE
CU4118;SUNDAY;WALKER;NY;NorthEast;F;PROF-35;50;1;58375;1;1;1;DIVORCED
CU12921;OSVALDO;UNGER;CA;West;M;Programmer/Developer;21;0;70799;3;0;0;SINGLE
CU9729;ROGER;PRYOR;NY;NorthEast;M;Technical Writer;55;0;68358;5;1;1;DIVORCED
CU2206;DANILO;TOWNSEND;MI;Midwest;M;Not specified;42;0;68924;0;1;0;SINGLE
CU15635;REBECA;BRADFORD;MI;Midwest;F;Author;67;0;58942;1;1;1;DIVORCED
CU15148;BEAU;DARBY;CA;West;M;Veterinarian;59;0;61997;4;1;1;MARRIED
CU15175;CARLEY;BUCHANAN;MO;Midwest;F;Cashier;40;1;61197;5;1;1;MARRIED
CU2055;OTTO;SULLIVAN;NY;NorthEast;M;Sales Representative;29;1;68011;0;1;1;SINGLE
CU1720;ALVARO;WILEY;NY;NorthEast;M;Author;72;1;59255;1;1;1;WIDOWED
CU2788;VAUGHN;MCKINNEY;CA;West;M;IT Staff;56;1;60508;0;1;2;OTHER
CU14938;FE;CHANCE;NY;NorthEast;F;Technical Writer;26;0;63799;1;1;1;DIVORCED
CU12859;REX;BURGOS;NY;NorthEast;M;Fireman;19;0;60647;3;1;1;SINGLE
CU13885;RORY;STOUT;MI;Midwest;M;Nurse;32;0;65326;3;1;1;SINGLE
CU15133;DEWITT;ROBLES;NY;NorthEast;M;Dentist;36;1;62694;1;1;1;MARRIED
CU7666;GARRET;STANLEY;CA;West;M;PROF-28;22;0;68528;0;0;0;SINGLE
CU8286;DONNY;THOMSON;MI;Midwest;M;Construction Laborer;48;0;67941;0;0;0;SINGLE
CU3751;BRIANA;DEWITT;CA;West;F;Not specified;46;1;73217;3;1;1;DIVORCED
CU2005;KIETH;CHANEY;NY;NorthEast;M;Dentist;44;1;62948;3;1;1;MARRIED
CU11347;TROY;RUFF;NY;NorthEast;M;Sales Representative;42;1;67752;3;1;1;MARRIED
CU2804;RONALD;LAIRD;MN;West;M;PROF-11;43;0;58370;0;1;0;SINGLE
CU13492;SAMATHA;JACOBS;MI;Midwest;F;PROF-7;33;0;61329;1;1;1;DIVORCED
CU7970;JANNET;LEDBETTER;MI;Midwest;F;Publisher;42;0;68131;1;1;1;DIVORCED
CU5854;FRANK;MAGEE;NV;Southwest;M;Software Engineer;26;0;69743;3;1;1;MARRIED
CU12168;DESMOND;FERRELL;CA;West;M;Professor;19;0;57992;3;1;1;SINGLE
CU12517;JERMAINE;ZAPATA;NY;NorthEast;M;Fireman;29;1;58366;3;1;1;MARRIED
CU15599;CARMINE;HINDS;UT;Southwest;M;Programmer/Developer;25;1;70112;3;1;0;SINGLE
CU14537;JEFF;KIMBLE;MI;Midwest;M;Programmer/Developer;24;1;69908;3;1;1;SINGLE
CU10566;STEVE;UNGER;NY;NorthEast;M;Nurse;22;1;69578;0;0;0;SINGLE
CU4321;WILLETTE;IRWIN;CA;West;F;Lab Technician;43;0;73697;1;1;1;MARRIED
CU15471;WINSTON;CORDOVA;CA;West;M;PROF-5;36;0;62911;1;1;1;SINGLE
CU2669;CHI;FRY;NY;NorthEast;M;PROF-26;24;1;70046;3;1;1;MARRIED
CU15671;MIQUEL;FUGATE;NY;NorthEast;M;Clerical;42;1;62530;4;1;1;MARRIED
CU3918;MATHEW;DENT;CA;West;M;Waiter/Waitress;34;0;63281;1;1;0;SINGLE
CU4215;BRADY;WASHINGTON;NY;NorthEast;M;Administrative Assistant;50;0;67356;0;1;0;SINGLE
CU2108;LISBETH;HOLT;NY;NorthEast;F;PROF-35;30;1;64766;1;1;1;DIVORCED
CU15800;GRANT;SWAIN;UT;Southwest;M;Programmer/Developer;26;0;54879;1;1;1;MARRIED
CU5662;VIRGINIA;ODOM;MI;Midwest;F;Clerical;56;1;65305;1;1;2;DIVORCED
CU4884;JARRED;DOWLING;NY;NorthEast;M;Truck Driver;47;0;58991;0;1;0;SINGLE
CU3526;BENNIE;NIELSON;NY;NorthEast;F;Homemaker;51;0;65364;1;1;1;DIVORCED
CU391;AMAL;MINOR;NY;NorthEast;F;Truck Driver;38;0;61774;1;1;1;MARRIED
CU15853;ELIJAH;OUELLETTE;CA;West;M;Programmer/Developer;19;0;56552;3;1;0;SINGLE
CU497;DALE;FARR;CA;West;F;PROF-46;70;0;63021;1;1;1;MARRIED
CU1815;NEIL;LOGAN;UT;Southwest;M;Nurse;0;0;68755;0;1;0;SINGLE
CU13980;ETHELYN;WHITMAN;MI;Midwest;F;IT Staff;31;1;83263;1;1;1;MARRIED
CU3969;TRINIDAD;GAGE;IL;Midwest;M;Veterinarian;40;1;68668;0;1;1;DIVORCED
CU15927;ARLA;COREY;UT;Southwest;F;Construction Laborer;33;0;80551;4;1;1;DIVORCED
CU3167;KELI;PETERS;NY;NorthEast;F;Cashier;54;1;57501;1;1;1;DIVORCED
CU9766;WES;MEJIA;MI;Midwest;M;Not specified;44;0;69518;1;1;1;DIVORCED
CU7040;ISAIAS;GILMORE;FL;South;M;Nurse;42;0;62088;0;1;1;MARRIED
CU14975;CHRISTOPER;BAEZ;WI;Midwest;M;PROF-11;35;0;62427;3;1;1;SINGLE
CU14235;MERRILL;MALONEY;CA;West;M;Fireman;31;1;59296;3;1;0;SINGLE
CU9217;MARIANELA;EWING;IL;Midwest;F;IT Staff;54;1;71191;1;1;1;DIVORCED
CU12528;AKILAH;KOENIG;NY;NorthEast;F;Construction Laborer;38;0;62763;1;1;1;MARRIED
CU14308;ALVA;NORMAN;NC;South;M;PROF-23;26;0;62349;1;1;1;MARRIED
CU2533;AUGUSTUS;MOSELEY;NY;NorthEast;M;Sales Representative;0;0;60037;0;1;0;SINGLE
CU2798;PING;HARRIS;MI;Midwest;F;Fireman;41;0;75513;2;1;1;DIVORCED
CU14941;SALLEY;STAMPER;MS;South;F;IT Staff;29;0;66175;1;1;1;DIVORCED
CU5704;LEONARDO;CALVERT;MI;Midwest;M;Publisher;26;1;69340;3;1;2;DIVORCED
CU6691;MAIA;SOSA;MI;Midwest;F;Publisher;49;0;63103;1;1;1;DIVORCED
CU11574;JERALD;MELVIN;NY;NorthEast;M;Fireman;42;0;61491;1;1;1;MARRIED
CU2129;HENRY;MCGHEE;NY;NorthEast;M;Author;61;0;63785;0;1;0;SINGLE
CU7846;MARYLOU;WEIR;NY;NorthEast;F;IT Staff;24;1;64353;1;1;1;MARRIED
CU1840;MORGAN;BRASWELL;NY;NorthEast;M;Author;66;1;68128;0;1;0;SINGLE
CU15559;CLAUDIO;VARGAS;IL;Midwest;M;PROF-41;28;0;64053;3;1;1;SINGLE
CU14733;LAWRENCE;CAMERON;NV;Southwest;M;Not specified;27;0;57045;3;1;1;MARRIED
CU4598;BENNETT;MYERS;CA;West;M;PROF-47;43;0;60388;1;1;1;MARRIED
CU11006;MAYRA;PLUMMER;MI;Midwest;F;Construction Laborer;33;0;62334;5;1;1;DIVORCED
CU845;GIGI;BEAULIEU;NY;NorthEast;F;Waiter/Waitress;37;1;66764;1;1;1;MARRIED
CU7296;MECHELLE;WHITLEY;MI;Midwest;F;PROF-25;63;1;83961;1;1;1;DIVORCED
CU6476;LANELLE;HENRY;NY;NorthEast;F;PROF-44;21;1;67710;5;1;1;MARRIED
CU11917;QUINTIN;MCMAHAN;NM;Southwest;M;Programmer/Developer;32;1;59013;1;0;0;SINGLE
CU14334;RONALD;BLACKWELL;CA;West;M;Programmer/Developer;24;0;70489;3;0;0;SINGLE
CU7472;CRYSTAL;RANDLE;NY;NorthEast;F;IT Staff;40;0;46360;1;1;1;MARRIED
CU13028;BENEDICT;OCONNOR;DC;NorthEast;M;PROF-40;26;0;68753;3;1;1;MARRIED
CU1547;FAYE;KRUSE;UT;Southwest;F;Childcare Worker;30;1;70853;5;1;1;DIVORCED
CU1722;SABINE;PENA;CA;West;F;Waiter/Waitress;63;0;62155;1;1;1;MARRIED
CU129;GREG;LEMON;MS;South;M;PROF-8;30;0;63107;1;1;2;MARRIED
CU15240;CHANCE;DUNCAN;UT;Southwest;M;Software Engineer;41;0;73116;1;1;1;DIVORCED
CU13184;ELDRIDGE;BOLTON;IL;Midwest;M;Cashier;42;1;66473;1;1;1;DIVORCED
CU3113;HUMBERTO;CORBIN;MS;South;M;IT Staff;38;1;64138;0;1;0;SINGLE
CU11108;FRANCIS;ROSEN;NY;NorthEast;M;Technical Writer;26;1;58981;1;1;1;MARRIED
CU5201;MARCO;BLANCO;NY;NorthEast;M;PROF-23;44;0;61980;0;1;0;SINGLE
CU14670;BOYD;HARTMAN;NY;NorthEast;M;Sales Representative;21;0;69983;3;1;1;SINGLE
CU840;CRISELDA;LAMBERT;NY;NorthEast;F;Clerical;64;1;47113;1;1;1;WIDOWED
CU14912;JAMAAL;GANN;CA;West;M;Programmer/Developer;22;0;62293;3;1;1;SINGLE
CU12021;ERICK;MOBLEY;CA;West;M;PROF-8;31;0;65707;5;1;1;DIVORCED
CU10386;CECILE;FONTENOT;MI;Midwest;F;School Teacher;35;1;70951;5;1;1;DIVORCED
CU793;NERISSA;BRUNO;MI;Midwest;F;Software Engineer;60;1;61057;1;1;1;WIDOWED
CU10041;ROBERTO;HARDEN;CA;West;M;Programmer/Developer;33;0;74170;3;1;1;MARRIED
CU8038;GAYLORD;RASMUSSEN;NY;NorthEast;M;Dentist;29;1;64751;1;1;1;MARRIED
CU13259;GRADY;STARK;NY;NorthEast;M;Programmer/Developer;36;0;67126;3;1;1;MARRIED
CU15002;SALVADOR;LEARY;DC;NorthEast;M;First-line Manager;26;0;64418;3;1;1;MARRIED
CU6614;RICKY;HURT;CA;West;M;DBA;33;1;68179;1;1;1;MARRIED
CU11541;LINCOLN;ROMAN;NY;NorthEast;M;Programmer/Developer;24;0;61988;3;1;1;SINGLE
CU3801;BELLE;HARDIN;NC;South;F;IT Staff;37;1;63663;1;1;1;MARRIED
CU14339;LUCAS;DORAN;MI;Midwest;M;Sales Representative;21;0;61478;3;1;1;MARRIED
CU11632;GRANVILLE;SHEFFIELD;CA;West;M;Programmer/Developer;21;0;71929;3;1;1;SINGLE
CU3373;VADA;CRENSHAW;NY;NorthEast;F;IT Staff;51;1;64786;6;1;1;WIDOWED
CU3592;SHERRON;DRAKE;CA;West;F;IT Staff;45;0;74625;1;1;1;MARRIED
CU1590;SANTO;FRY;DC;NorthEast;M;Cashier;53;1;59409;0;1;1;MARRIED
CU5992;CHRISTOPER;HAMMOND;OR;West;M;Not specified;43;0;66000;1;1;2;DIVORCED
CU5870;JOLIE;DARDEN;NY;NorthEast;F;Sales Representative;40;1;70482;5;1;1;DIVORCED
CU2134;DARRELL;CARLTON;NY;NorthEast;M;Clerical;32;1;71060;5;1;1;MARRIED
CU5091;DONOVAN;DUNHAM;NY;NorthEast;M;PROF-45;39;0;62222;0;1;0;SINGLE
CU5282;DARRON;PARRISH;CA;West;M;Programmer/Developer;35;0;60268;3;1;1;SINGLE
CU6578;ALIZA;BILLINGS;MI;Midwest;F;IT Staff;38;1;65270;3;1;1;MARRIED
CU14632;ELOUISE;ZUNIGA;NY;NorthEast;F;Dentist;25;0;61167;5;1;1;SINGLE
CU6503;REMEDIOS;STATON;MI;Midwest;F;Publisher;47;1;76669;1;1;1;MARRIED
CU12010;JASON;CORCORAN;MI;Midwest;M;Clerical;43;1;54792;1;1;1;MARRIED
CU5120;LEILA;MATOS;NY;NorthEast;F;PROF-26;39;1;70092;1;1;1;DIVORCED
CU15325;CARMINE;BREWSTER;DC;NorthEast;M;Waiter/Waitress;39;1;60781;1;1;1;MARRIED
CU8599;STERLING;SCHULTZ;DC;NorthEast;M;Cashier;35;1;67054;3;1;1;DIVORCED
CU2194;DIRK;WEBSTER;CA;West;M;Waiter/Waitress;39;0;68515;3;1;1;MARRIED
CU15061;LEOLA;STRANGE;WI;Midwest;F;DBA;48;1;59371;1;1;1;DIVORCED
CU4913;ARTHUR;WOODY;MI;Midwest;M;Programmer/Developer;31;0;62921;3;1;1;MARRIED
CU14853;TONY;CHILDS;NY;NorthEast;M;Programmer/Developer;21;0;63784;3;1;0;SINGLE
CU13817;SANTOS;BERNSTEIN;CA;West;M;PROF-18;28;0;71650;3;1;1;MARRIED
CU4126;KATRINA;MARTINEZ;WI;Midwest;F;Programmer/Developer;22;1;69586;4;1;1;DIVORCED
CU13373;RAYMOND;MCCRAY;OH;Midwest;M;Programmer/Developer;27;1;74119;3;1;0;SINGLE
CU6380;CORTNEY;SADLER;MI;Midwest;F;PROF-16;32;1;66526;1;1;2;DIVORCED
CU267;ADOLPH;CORREA;MN;West;M;PROF-8;73;1;64632;3;1;1;DIVORCED
CU2361;NICKY;OVERTON;NY;NorthEast;M;Programmer/Developer;25;0;60651;3;1;1;SINGLE
CU11797;RENETTA;JEFFERSON;DC;NorthEast;F;Not specified;57;0;64951;1;1;1;DIVORCED
CU225;BARBAR;DRISCOLL;CA;West;F;Veterinarian;29;0;63299;5;1;1;DIVORCED
CU11596;LES;FINLEY;DC;NorthEast;M;PROF-8;39;1;65689;3;1;1;MARRIED
CU11214;CARIE;ASHBY;MI;Midwest;F;DBA;31;0;71733;1;1;1;MARRIED
CU967;BUFFY;WANG;NY;NorthEast;F;PROF-15;69;1;68848;1;1;1;MARRIED
CU685;MARYLOUISE;MYERS;NY;NorthEast;F;Software Engineer;37;0;72236;5;1;1;MARRIED
CU15165;LYNDON;ARELLANO;NV;Southwest;M;IT Staff;20;1;60676;1;1;1;MARRIED
CU9932;ARNOLD;HALL;OH;Midwest;M;Programmer/Developer;25;1;58796;3;1;0;SINGLE
CU12479;BENITO;CRANDALL;NY;NorthEast;M;Fireman;21;0;64674;3;1;1;MARRIED
CU8259;CHET;MCRAE;CA;West;M;Programmer/Developer;21;0;68654;3;1;0;SINGLE
CU13121;DUSTIN;BEST;CA;West;M;Programmer/Developer;42;0;65822;3;0;0;SINGLE
CU14887;BRONWYN;HINOJOSA;MS;South;F;IT Staff;48;1;62345;1;1;1;MARRIED
CU13802;WARD;SHIPLEY;CA;West;M;Dentist;32;1;69357;3;1;1;DIVORCED
CU15049;ALFONSO;LANKFORD;FL;South;M;PROF-8;53;1;64514;5;1;1;DIVORCED
CU15087;RUSSELL;ELDER;NY;NorthEast;M;Veterinarian;21;1;61242;3;1;1;SINGLE
CU10303;DONG;HOYT;CA;West;M;Lab Technician;33;1;63131;1;1;2;DIVORCED
CU6950;DEANNA;MARIN;DC;NorthEast;F;IT Staff;27;1;56504;1;1;1;DIVORCED
CU8084;LEEANNA;GUINN;MI;Midwest;F;IT Staff;38;1;66604;1;1;1;MARRIED
CU12786;EMORY;PARRISH;NC;South;M;Programmer/Developer;24;0;64804;3;1;1;SINGLE
CU11391;JEREMIAH;MCCLOUD;NY;NorthEast;M;Programmer/Developer;24;0;62070;3;1;1;SINGLE
CU14874;REGINE;VALENTIN;MI;Midwest;F;First-line Manager;54;1;64432;1;1;1;DIVORCED
CU4441;CATALINA;RIOS;MI;Midwest;F;PROF-6;35;1;58000;3;1;1;DIVORCED
CU1750;MARILEE;MAYS;CA;West;F;PROF-15;58;0;62640;1;1;1;DIVORCED
CU13533;FREDDY;PAYNE;NY;NorthEast;M;Programmer/Developer;21;0;59867;3;1;0;SINGLE
CU5318;TYREE;DIEHL;MI;Midwest;M;Plumber;43;0;58393;3;1;1;MARRIED
CU1494;WARNER;MARINO;NY;NorthEast;M;Not specified;34;1;58012;1;1;1;DIVORCED
CU11412;JEWELL;FONTENOT;FL;South;M;Programmer/Developer;21;0;64738;3;1;0;SINGLE
CU2977;GOLDIE;MORAN;DC;NorthEast;F;Truck Driver;36;1;59893;3;1;1;DIVORCED
CU10728;REID;PRADO;NY;NorthEast;M;Childcare Worker;32;0;64581;1;1;1;MARRIED
CU8369;ELLIS;CHOI;NC;South;M;Programmer/Developer;20;0;64589;3;1;0;SINGLE
CU1937;JAMAL;ATWOOD;NY;NorthEast;M;PROF-20;26;0;64000;3;1;1;MARRIED
CU13368;BOYCE;LEMONS;NY;NorthEast;M;Sales Representative;22;0;73216;3;1;1;MARRIED
CU2685;TOBI;STEPHENSON;CA;West;F;IT Staff;55;1;67355;1;1;1;DIVORCED
CU10536;CLINT;GALLEGOS;UT;Southwest;M;PROF-46;34;0;68374;3;1;1;DIVORCED
CU5303;NUBIA;HAMBY;NY;NorthEast;F;Clerical;50;1;80967;1;1;1;WIDOWED
CU8235;SPENCER;FARRIS;NY;NorthEast;M;PROF-16;42;0;59334;1;1;1;MARRIED
CU1941;REBA;HAND;NV;Southwest;F;Waiter/Waitress;55;1;72642;1;1;1;MARRIED
CU3379;DEANDRE;WINN;NY;NorthEast;M;PROF-8;51;1;69094;1;1;1;WIDOWED
CU6953;MADALYN;MAJOR;UT;Southwest;F;Veterinarian;33;1;64769;1;1;1;DIVORCED
CU3818;MARIELA;BRYSON;NY;NorthEast;F;PROF-31;47;1;68197;1;1;1;DIVORCED
CU7700;GWENDOLYN;MELVIN;NY;NorthEast;F;Lab Technician;39;1;57185;5;1;1;DIVORCED
CU15509;DION;HELMS;IL;Midwest;M;Programmer/Developer;21;0;67791;3;1;0;SINGLE
CU3894;HERMAN;MCNALLY;NY;NorthEast;M;PROF-16;51;1;90725;1;1;1;WIDOWED
CU8867;ENOCH;HIGH;IL;Midwest;M;Programmer/Developer;22;1;63597;3;1;1;SINGLE
CU14704;LIONEL;WILCOX;CA;West;M;Programmer/Developer;27;0;59710;3;1;0;SINGLE
CU4955;SILVA;DODSON;NY;NorthEast;F;PROF-55;49;1;58892;2;1;1;DIVORCED
CU12535;RALEIGH;NIXON;NY;NorthEast;M;Programmer/Developer;22;0;59086;3;1;0;SINGLE
CU13302;FREEMAN;LYNCH;NC;South;M;Sales Representative;37;0;65950;3;1;1;MARRIED
CU4645;TAWNYA;RIDLEY;NY;NorthEast;F;PROF-21;49;1;61064;1;1;1;DIVORCED
CU14951;DICK;CLIFTON;WI;Midwest;M;Programmer/Developer;25;1;61217;3;1;0;SINGLE
CU1591;MARYBELLE;DELGADO;CA;West;F;IT Staff;69;1;62229;2;1;1;WIDOWED
CU396;MARIO;HICKEY;CA;West;F;IT Staff;53;0;68194;1;1;1;OTHER
CU2107;MAISHA;HULL;MI;Midwest;F;Lab Technician;53;0;69487;1;1;1;MARRIED
CU6327;MARYETTA;NOVAK;FL;South;F;Not specified;34;1;61738;5;1;2;MARRIED
CU3066;FRED;ERNST;DC;NorthEast;M;IT Staff;42;1;81173;1;1;2;DIVORCED
CU11539;FLOYD;BRYSON;MI;Midwest;M;Childcare Worker;30;0;66494;1;1;0;SINGLE
CU8723;MICHAEL;MANN;NY;NorthEast;M;DBA;31;1;60832;1;1;1;DIVORCED
CU13831;HORACIO;GROVES;CA;West;M;Medical Doctor;45;0;62637;3;1;1;MARRIED
CU9453;FELTON;COMER;MI;Midwest;M;Administrator;28;0;75869;4;1;1;DIVORCED
CU6242;CRAIG;SEWELL;MI;Midwest;M;IT Staff;47;1;61948;0;1;1;MARRIED
CU15131;VIRGILIO;RIVERS;NY;NorthEast;M;Programmer/Developer;22;0;61369;3;1;0;SINGLE
CU8395;LAI;STEVENSON;NY;NorthEast;F;PROF-10;25;1;64206;1;1;1;DIVORCED
CU14554;HECTOR;PULLIAM;NY;NorthEast;M;Programmer/Developer;28;1;60398;3;1;2;MARRIED
CU5630;CASSANDRA;LORD;NY;NorthEast;F;PROF-17;29;1;65130;1;1;0;MARRIED
CU2473;LORELEI;OAKES;MI;Midwest;F;PROF-14;44;1;64998;5;1;1;DIVORCED
CU878;GORDON;TOBIN;CA;West;M;Programmer/Developer;24;1;64032;3;1;1;SINGLE
CU10148;LYNWOOD;HARTMAN;NC;South;M;Veterinarian;21;1;63947;3;1;1;SINGLE
CU14606;CLYDE;WALLS;NY;NorthEast;M;Programmer/Developer;34;1;66382;3;1;1;SINGLE
CU4224;GEORGIANNA;GUZMAN;NY;NorthEast;F;IT Staff;53;1;56480;1;1;1;DIVORCED
CU3006;GARFIELD;JACOB;MN;West;M;Administrator;44;1;64209;0;1;0;SINGLE
CU4643;DUSTY;WILLEY;CA;West;M;PROF-2;40;0;64019;0;1;1;DIVORCED
CU8478;SHERWOOD;VALENTINE;CA;West;M;PROF-1;44;0;64627;0;0;0;SINGLE
CU14974;JERAMY;STJOHN;MI;Midwest;M;PROF-51;24;0;63837;3;1;1;MARRIED
CU2100;TERINA;MATTHEWS;NY;NorthEast;F;PROF-5;27;1;58309;1;1;1;DIVORCED
CU10653;WARNER;GALLEGOS;MI;Midwest;M;Sales Representative;23;1;65464;3;1;1;MARRIED
CU945;WENDI;HO;NY;NorthEast;F;PROF-9;65;1;73662;1;1;1;DIVORCED
CU4641;MITCHELL;CORCORAN;NY;NorthEast;M;Nurse;73;0;61071;0;1;0;SINGLE
CU11429;ERIC;RAMIREZ;MN;West;M;Waiter/Waitress;29;0;58585;3;1;1;MARRIED
CU13737;LEONARDO;MCGRATH;CA;West;M;Cashier;31;0;65511;1;1;1;MARRIED
CU7218;JOANIE;PERKINS;NY;NorthEast;F;Truck Driver;49;1;61348;3;1;1;DIVORCED
CU3243;CAMERON;MOTT;NY;NorthEast;M;PROF-7;39;1;62845;3;1;1;DIVORCED
CU1600;RUBEN;ALFORD;NY;NorthEast;M;Fireman;51;0;66711;0;1;1;DIVORCED
CU4983;JACKIE;GILCHRIST;CA;West;M;PROF-20;33;1;64047;3;1;1;MARRIED
CU12603;RACHELL;COBURN;MI;Midwest;F;IT Staff;78;1;55957;1;1;1;DIVORCED
CU2320;JUDE;OTTO;CA;West;M;Nurse;48;1;68477;0;1;1;DIVORCED
CU7522;ANTOINE;HUDDLESTON;MN;West;M;Programmer/Developer;21;0;60786;3;1;0;SINGLE
CU7949;DAREN;GIBBS;NY;NorthEast;M;Nurse;45;0;60849;0;0;0;SINGLE
CU10044;LEONIE;TRAYLOR;DC;NorthEast;F;IT Staff;56;1;64744;2;1;1;OTHER
CU4395;KANDIS;HOLMAN;MI;Midwest;F;PROF-33;35;1;66038;5;1;1;MARRIED
CU5739;ALVA;ROBINSON;CA;West;M;Construction Laborer;64;1;67016;0;1;0;SINGLE
CU10856;SUNNI;CONNER;NY;NorthEast;F;Bank Teller;42;1;70195;3;1;1;DIVORCED
CU4171;DONNIE;MYLES;CA;West;F;IT Staff;55;1;59628;3;1;1;WIDOWED
CU6965;PRINCE;MCCLELLAN;NY;NorthEast;M;Nurse;47;0;69728;0;1;0;SINGLE
CU10831;ALBERTA;DIAZ;FL;South;F;PROF-54;26;1;96667;1;1;1;MARRIED
CU12641;RUSSELL;HUYNH;MS;South;M;PROF-3;55;0;55367;3;1;1;MARRIED
CU9461;DOUGLAS;VELAZQUEZ;IL;Midwest;M;Programmer/Developer;26;1;70077;3;0;0;SINGLE
CU8831;JAY;HATTON;MI;Midwest;M;Cashier;42;0;63127;5;1;1;DIVORCED
CU13263;ETHAN;DOYLE;CA;West;M;Programmer/Developer;53;0;62116;2;1;1;SINGLE
CU8452;TREY;DICKENS;MI;Midwest;M;PROF-6;26;0;69905;3;0;0;SINGLE
CU1851;FELIPA;BASS;NY;NorthEast;F;Not specified;36;1;64912;1;1;1;MARRIED
CU12325;PAUL;FLINT;CA;West;M;Nurse;27;0;73067;3;1;1;SINGLE
CU3193;RUDY;GALINDO;MI;Midwest;M;PROF-10;40;1;68717;0;1;1;MARRIED
CU55;NYLA;CHO;NY;NorthEast;F;Clerical;70;1;98449;1;1;1;OTHER
CU7381;RICHARD;NOVAK;OH;Midwest;M;PROF-7;35;1;64586;0;1;1;DIVORCED
CU9290;BOYCE;DOWELL;CA;West;M;Programmer/Developer;24;0;60686;3;1;0;SINGLE
CU5090;RODOLFO;DOWNEY;FL;South;M;PROF-5;26;1;72463;3;1;1;MARRIED
CU4195;LOGAN;NEWBY;WI;Midwest;M;PROF-2;32;1;68469;6;1;1;MARRIED
CU557;LINDY;MCHUGH;MI;Midwest;F;Publisher;65;1;64805;1;1;1;DIVORCED
CU10218;JEROME;MOYER;CA;West;M;Nurse;28;0;66009;3;0;0;SINGLE
CU15942;MOISES;GRIGGS;UT;Southwest;M;Programmer/Developer;22;0;56486;3;0;0;SINGLE
CU9964;ALLIE;MCCARTY;MI;Midwest;F;PROF-16;35;0;66866;1;1;1;MARRIED
CU13322;VIKKI;RADFORD;MI;Midwest;F;IT Staff;58;1;71237;1;1;1;DIVORCED
CU13087;ROBT;MCLAIN;MI;Midwest;M;Author;53;1;62383;1;1;1;MARRIED
CU4252;EDMUND;EDMONDS;CO;West;M;PROF-60;33;1;59511;1;1;1;MARRIED
CU4932;HUEY;ACOSTA;NY;NorthEast;M;Nurse;51;0;64473;0;1;0;SINGLE
CU1527;OTHA;STOKES;WA;West;M;Administrative Assistant;49;1;62380;0;1;0;SINGLE
CU4087;MARY;JAMESON;NY;NorthEast;M;First-line Manager;49;0;68514;1;1;1;MARRIED
CU1691;TORY;CONRAD;NY;NorthEast;M;Veterinarian;30;1;65568;3;1;1;DIVORCED
CU3214;KISHA;RIDER;NY;NorthEast;F;Homemaker;62;1;74442;1;1;1;DIVORCED
CU8318;DEANGELO;BUTCHER;NY;NorthEast;M;Medical Doctor;43;0;59957;1;1;1;DIVORCED
CU14921;ARMAND;CASH;NY;NorthEast;M;Programmer/Developer;35;0;61651;3;1;1;SINGLE
CU5675;RAFAEL;PINA;NY;NorthEast;M;Mason;44;1;59255;1;1;0;SINGLE
CU2399;YON;CONRAD;MI;Midwest;F;Law Enforcement Officer;45;0;63876;1;1;1;MARRIED
CU12658;RALEIGH;CASTELLANOS;CA;West;M;Programmer/Developer;23;0;61482;1;1;0;SINGLE
CU9004;JENE;CRUZ;WI;Midwest;F;Clerical;45;1;45796;1;1;1;MARRIED
CU13803;CAMERON;HARPER;NY;NorthEast;F;Truck Driver;54;0;70612;1;1;2;MARRIED
CU8649;LEEANNE;BRYAN;NY;NorthEast;F;Dentist;27;1;63371;5;1;1;MARRIED
CU3856;ALBERTA;DEMPSEY;NC;South;F;Sales Representative;37;1;66496;1;1;1;SINGLE
CU6215;DARLEEN;BRYANT;NC;South;F;Author;49;0;68155;1;1;0;DIVORCED
CU11959;EDMUND;ALONZO;NY;NorthEast;M;Publisher;31;1;70289;1;1;1;DIVORCED
CU7214;LYNWOOD;CHILDERS;IL;Midwest;M;Clerical;32;0;66267;0;1;0;SINGLE
CU15136;BOYCE;HEARN;MI;Midwest;M;IT Staff;31;1;62065;3;1;1;MARRIED
CU8687;HUI;HOLLIS;WI;Midwest;F;Programmer/Developer;37;0;63263;3;1;1;DIVORCED
CU8091;RUPERT;CARLTON;CO;West;M;School Teacher;35;0;61670;1;1;1;DIVORCED
CU9232;MYRL;HORNER;DC;NorthEast;F;Law Enforcement Officer;35;1;57844;5;1;2;DIVORCED
CU11361;SONG;DYE;NY;NorthEast;F;Technical Writer;31;0;62571;5;1;1;DIVORCED
CU3940;PASQUALE;ORTEGA;DC;NorthEast;M;IT Staff;32;1;63965;1;1;1;DIVORCED
CU1241;DEIDRE;GUEVARA;CA;West;F;PROF-9;51;1;68909;1;1;1;WIDOWED
CU928;CIRA;PULLIAM;MI;Midwest;F;PROF-1;70;1;61959;1;1;1;MARRIED
CU12586;CALVIN;NAPIER;NY;NorthEast;M;Programmer/Developer;23;0;63290;3;1;1;SINGLE
CU8290;RIGOBERTO;JANSEN;MI;Midwest;M;IT Staff;26;1;54151;5;1;1;DIVORCED
CU13196;TREVOR;MCGUIRE;NY;NorthEast;M;Programmer/Developer;21;1;65843;3;1;0;SINGLE
CU11100;MARI;ADKINS;NC;South;F;DBA;42;0;65311;2;1;1;MARRIED
CU3269;DEMETRIUS;ROONEY;CA;West;M;Not specified;47;1;63979;4;1;1;DIVORCED
CU5655;DEBBRA;FOSS;NY;NorthEast;F;Bank Teller;50;1;47900;1;1;1;WIDOWED
CU1229;DEANDRE;FRANCO;CA;West;M;Secretary;60;1;75264;1;1;1;DIVORCED
CU9726;SANG;HAIRSTON;CA;West;M;Programmer/Developer;26;0;57728;3;1;1;DIVORCED
CU8976;EDWARD;ROSENTHAL;CA;West;M;Programmer/Developer;23;1;69707;3;1;1;MARRIED
CU15372;IVAN;CANTRELL;NY;NorthEast;M;Programmer/Developer;23;0;63734;3;1;1;SINGLE
CU276;DEANNA;BYERS;FL;South;F;Not specified;57;0;64053;1;1;2;WIDOWED
CU868;ANALISA;BATEMAN;WA;West;F;IT Staff;47;1;65071;1;1;1;OTHER
CU5976;LEE;HAYNES;CA;West;M;Clerical;34;1;66860;3;1;2;DIVORCED
CU13417;SHARI;PARSONS;MI;Midwest;F;Not specified;68;0;67570;1;1;1;WIDOWED
CU67;GRANT;DURHAM;NY;NorthEast;M;Administrative Assistant;63;1;60455;0;1;1;MARRIED
CU293;SHEMIKA;LARA;FL;South;F;IT Staff;65;1;66389;3;1;1;DIVORCED
CU6366;GERALDO;HALL;NY;NorthEast;M;PROF-63;47;1;65182;0;1;0;SINGLE
CU1872;ADA;HIGGINBOTHAM;NC;South;F;Publisher;58;1;63402;1;1;1;DIVORCED
CU161;KESHIA;BURKS;CA;West;F;PROF-56;74;1;63071;1;1;1;DIVORCED
CU10168;CLIFF;CORONA;CA;West;M;Programmer/Developer;25;1;63911;3;1;1;SINGLE
CU15854;FLORRIE;CHENEY;FL;South;F;Lab Technician;32;0;81909;3;1;1;MARRIED
CU2098;AURELIO;MAGUIRE;NY;NorthEast;M;Veterinarian;33;1;58808;1;1;1;DIVORCED
CU13052;JARVIS;EDMONDSON;NY;NorthEast;M;Lab Technician;34;1;69737;3;1;1;MARRIED
CU3636;ROWENA;ESCOBEDO;OK;Midwest;F;Not specified;35;1;66941;1;1;1;MARRIED
CU2377;UNA;AKERS;WA;West;F;PROF-59;51;1;61602;1;1;1;WIDOWED
CU7169;JOEANN;COYLE;NY;NorthEast;F;IT Staff;50;0;69144;1;1;1;DIVORCED
CU7943;JARRETT;HUNT;NY;NorthEast;M;Programmer/Developer;26;0;66785;3;1;1;SINGLE
CU13568;CHRYSTAL;GOLDSMITH;CA;West;F;PROF-1;39;1;56649;1;1;1;DIVORCED
CU5330;SHELBY;BRYANT;CA;West;M;IT Staff;36;0;78240;1;1;1;DIVORCED
CU11422;COLLIN;LADD;NY;NorthEast;M;Programmer/Developer;20;0;57911;3;1;1;SINGLE
CU15343;STACEY;BOLTON;CA;West;M;Cashier;31;0;66397;1;1;1;MARRIED
CU10550;SHERRIE;IRVIN;MI;Midwest;F;PROF-65;35;1;61624;5;1;1;DIVORCED
CU9790;KATTIE;ROBERTSON;MI;Midwest;F;Not specified;45;1;69445;1;1;1;DIVORCED
CU13565;JOHNNY;FELICIANO;MN;West;M;Childcare Worker;38;0;66789;1;1;1;DIVORCED
CU9820;RICARDO;SALTER;CA;West;M;PROF-37;42;0;67528;3;1;1;MARRIED
CU8076;VANCE;DODD;NY;NorthEast;M;PROF-3;23;1;62171;5;1;1;DIVORCED
CU8368;CLINTON;SOUSA;CA;West;M;PROF-32;25;0;61960;5;1;1;MARRIED
CU6103;PHILLIP;STRATTON;CA;West;M;Programmer/Developer;21;0;64367;3;1;0;SINGLE
CU8122;YELENA;LANGE;CA;West;F;Software Engineer;63;0;65256;3;1;1;DIVORCED
CU7417;CLAUD;MORRIS;NY;NorthEast;M;Programmer/Developer;24;1;65797;3;1;1;MARRIED
CU8952;LOU;LANE;MI;Midwest;M;Programmer/Developer;23;1;59770;3;1;1;SINGLE
CU14798;CARMEN;GUEVARA;OR;West;M;Programmer/Developer;25;0;60622;2;1;0;SINGLE
CU10835;SHIRLEY;UNGER;FL;South;M;Dentist;26;1;59303;3;1;1;MARRIED
CU1947;ABE;WADE;NY;NorthEast;M;IT Staff;29;1;66911;1;1;1;DIVORCED
CU9731;VIKKI;FOURNIER;TX;Southwest;F;Cashier;33;0;68376;1;1;1;DIVORCED
CU11970;JAMEL;SINGH;CA;West;M;Programmer/Developer;22;1;60822;3;1;0;SINGLE
CU10922;COLE;LYON;DC;NorthEast;M;Programmer/Developer;27;1;71767;3;1;1;MARRIED
CU6954;AVIS;MCMAHON;MI;Midwest;F;IT Staff;32;1;67461;2;1;1;MARRIED
CU6635;MARY;SADLER;NY;NorthEast;M;Medical Doctor;33;1;57459;1;1;1;DIVORCED
CU13172;TANEKA;RUFF;MI;Midwest;F;First-line Manager;43;1;64092;1;1;1;MARRIED
CU3244;TA;AMBROSE;CA;West;F;PROF-59;48;1;64557;1;1;1;DIVORCED
CU141;VASILIKI;DAUGHERTY;MS;South;F;IT Staff;61;1;66173;2;1;1;DIVORCED
CU4476;LENNY;BENOIT;OH;Midwest;M;Programmer/Developer;23;1;68097;3;1;1;MARRIED
CU8402;CAMERON;CHRISTY;CA;West;F;PROF-52;34;1;61883;1;1;1;MARRIED
CU15988;VIVIEN;WEAVER;UT;Southwest;F;Programmer/Developer;35;0;81090;5;1;1;DIVORCED
CU14500;JINNY;DUARTE;CA;West;F;Clerical;30;1;73082;5;1;1;DIVORCED
CU6812;EASTER;MARTIN;WA;West;F;Sales Representative;26;1;60705;1;1;1;DIVORCED
CU13712;DAVID;LAMBERT;NY;NorthEast;F;Programmer/Developer;28;0;60275;5;1;0;SINGLE
CU1304;JOSPEH;FORBES;NY;NorthEast;M;Bank Teller;32;1;55657;3;1;1;DIVORCED
CU9383;KARINA;NORWOOD;NY;NorthEast;F;Publisher;47;1;62502;1;1;1;MARRIED
CU4701;TORY;REAGAN;CA;West;M;Publisher;35;1;56599;1;1;1;DIVORCED
CU2607;CHRISTAL;BLANTON;NV;Southwest;F;IT Staff;53;1;61781;1;1;1;DIVORCED
CU12743;GITA;BURR;CA;West;F;Administrative Assistant;42;0;67881;1;1;1;MARRIED
CU14714;OSWALDO;FISHER;NY;NorthEast;M;Administrator;30;1;64335;3;1;1;DIVORCED
CU10110;LUELLA;REEVES;NY;NorthEast;F;Bank Teller;27;0;63114;5;1;1;MARRIED
CU6668;LOUETTA;LEACH;NY;NorthEast;F;First-line Manager;33;1;59277;1;1;1;DIVORCED
CU14784;MARIEL;CLEMONS;CA;West;F;IT Staff;26;1;87936;5;1;1;MARRIED
CU15177;RORY;COCHRAN;MO;Midwest;M;Programmer/Developer;22;0;60660;3;0;0;SINGLE
CU4152;STANLEY;FORREST;MI;Midwest;M;PROF-8;34;1;65980;1;1;1;DIVORCED
CU9108;MARGART;CALDWELL;NC;South;F;PROF-15;66;1;61332;6;1;1;DIVORCED
CU12794;LYLE;TREVINO;NY;NorthEast;M;Programmer/Developer;20;0;71812;3;1;0;SINGLE
CU5596;TENESHA;LITTLEJOHN;CA;West;F;Software Engineer;70;1;67232;1;1;0;DIVORCED
CU12573;THERSA;LILLY;NY;NorthEast;F;PROF-45;65;0;69807;5;1;1;DIVORCED
CU2885;MARGART;BOSTON;CA;West;F;IT Staff;47;0;58116;1;1;1;DIVORCED
CU8600;CALEB;WITHERSPOON;WI;Midwest;M;IT Staff;23;1;73727;3;1;1;DIVORCED
CU3850;BERYL;KEEN;MI;Midwest;F;Childcare Worker;35;1;66195;1;1;1;MARRIED
CU5599;CANDYCE;BRITTON;NV;Southwest;F;Not specified;55;1;66053;1;1;1;DIVORCED
CU7962;GREGORY;STEVENSON;CA;West;M;Lab Technician;37;1;67329;3;1;2;MARRIED
CU3942;KAYLEE;AGUILERA;CA;West;F;Not specified;50;0;58108;1;1;1;DIVORCED
CU4299;JACINTA;SEWELL;MN;West;F;PROF-62;48;1;66803;1;1;1;MARRIED
CU4155;BONITA;KANG;CA;West;F;IT Staff;39;1;66682;1;1;1;DIVORCED
CU1005;SHERMAN;HEMPHILL;FL;South;M;Clerical;50;1;80121;3;1;1;MARRIED
CU5403;MAXIMO;JUDD;MI;Midwest;M;DBA;28;1;61979;1;1;1;MARRIED
CU15326;ELEONOR;SEWELL;TX;Southwest;F;Medical Doctor;39;0;63793;1;1;1;DIVORCED
CU10154;WAYLON;DOWELL;NY;NorthEast;M;Lab Technician;27;1;66583;3;1;1;MARRIED
CU14434;LANCE;ESPINOSA;CA;West;M;Programmer/Developer;24;0;61564;3;0;0;SINGLE
CU6560;AHMED;MANUEL;CA;West;M;Programmer/Developer;44;1;65853;4;1;1;MARRIED
CU12842;MAGAN;SMALL;NY;NorthEast;F;PROF-32;39;1;70198;1;1;1;DIVORCED
CU6165;MICHAL;MINER;NY;NorthEast;F;Truck Driver;25;1;76204;5;1;1;DIVORCED
CU11570;AGUSTIN;LOVE;FL;South;M;Programmer/Developer;24;0;67190;3;1;0;SINGLE
CU12738;PIPER;DUBE;NY;NorthEast;F;PROF-1;35;0;60526;1;1;1;DIVORCED
CU8340;BERENICE;STERLING;NY;NorthEast;F;Truck Driver;29;1;72361;1;1;1;DIVORCED
CU3654;KARLYN;ARNOLD;NY;NorthEast;F;Publisher;50;1;66118;1;1;1;WIDOWED
CU14052;LEONARDO;CROWE;CA;West;M;Author;58;0;68357;6;1;1;MARRIED
CU7502;ZACHARIAH;SNOW;MI;Midwest;M;Programmer/Developer;24;0;59865;3;0;0;SINGLE
CU4285;MARYROSE;MULLINS;NY;NorthEast;F;IT Staff;48;1;48811;1;1;1;MARRIED
CU4679;RUDY;HERMAN;CA;West;M;PROF-9;36;1;60271;1;1;1;DIVORCED
CU5082;NATHAN;HAGEN;CA;West;M;Accountant;32;1;61440;0;1;1;MARRIED
CU14911;LOYD;BIRD;CA;West;M;PROF-20;20;0;63581;3;1;1;MARRIED
CU2394;HOLLEY;CRAMER;NY;NorthEast;F;Author;52;1;75811;1;1;1;DIVORCED
CU15786;DUNCAN;COSTA;WI;Midwest;M;Secretary;22;0;70954;3;1;1;SINGLE
CU10861;ANNITA;HAGEN;CA;West;F;PROF-2;70;1;69237;6;1;1;MARRIED
CU9868;KING;REEDER;NY;NorthEast;M;PROF-12;29;0;57796;3;1;1;MARRIED
CU8647;LOUIE;LINN;FL;South;F;Law Enforcement Officer;31;0;66166;1;1;1;MARRIED
CU5473;EVERETT;ALVARADO;NY;NorthEast;M;Cashier;42;1;64812;3;1;1;DIVORCED
CU10161;PATRICK;HOGUE;MN;West;M;Programmer/Developer;26;1;69202;3;1;1;SINGLE
CU6234;LINDSAY;WESLEY;MI;Midwest;F;IT Staff;71;0;71028;6;1;2;WIDOWED
CU12312;IRA;QUARLES;MI;Midwest;M;Programmer/Developer;22;0;55286;3;1;0;SINGLE
CU975;KAYLA;GILL;MI;Midwest;F;PROF-8;51;1;75630;6;1;1;DIVORCED
CU7799;MARQUIS;MORGAN;CA;West;M;Programmer/Developer;32;0;60948;3;1;0;SINGLE
CU2753;WAI;RANDOLPH;IL;Midwest;F;Truck Driver;41;1;60411;1;1;1;DIVORCED
CU11667;CAMILLA;OCHOA;NY;NorthEast;F;Construction Laborer;31;0;54344;4;1;1;MARRIED
CU12797;JAIME;CRISP;MS;South;M;Waiter/Waitress;22;1;64494;1;1;1;DIVORCED
CU12915;DARIO;MANNING;NY;NorthEast;M;PROF-11;34;1;66930;3;1;2;MARRIED
CU3134;DELPHA;ELMORE;FL;South;F;IT Staff;46;1;64347;1;1;1;DIVORCED
CU3619;SHELA;HANNAH;MN;West;F;Homemaker;38;0;78250;5;1;1;OTHER
CU11176;JAIME;BEGAY;MI;Midwest;M;Programmer/Developer;27;0;63221;3;1;0;SINGLE
CU7973;HUEY;CHILDRESS;OR;West;M;Programmer/Developer;29;0;61495;3;1;1;MARRIED
CU5376;LUCAS;MEDRANO;NY;NorthEast;M;PROF-24;44;1;49516;0;1;1;MARRIED
CU13601;REBEKAH;STARNES;FL;South;F;IT Staff;33;1;71083;1;1;1;DIVORCED
CU7015;MARGRET;BUNDY;MI;Midwest;F;Sales Representative;37;0;57079;1;1;1;MARRIED
CU985;STEPHANY;RUDOLPH;FL;South;F;Homemaker;50;1;64533;3;1;1;DIVORCED
CU7294;KERRIE;TOMPKINS;NY;NorthEast;F;Publisher;36;1;67738;1;1;1;DIVORCED
CU8598;JOHNATHAN;STEELE;CA;West;M;PROF-49;39;1;69293;3;1;1;DIVORCED
CU3237;SETH;ACEVEDO;MN;West;M;Nurse;37;0;74392;0;1;0;SINGLE
CU11608;GENE;NORRIS;NY;NorthEast;F;Lab Technician;33;0;73126;1;1;1;DIVORCED
CU12512;ISAIAS;MONTANO;NY;NorthEast;M;Programmer/Developer;20;0;67190;3;1;0;SINGLE
CU5807;MICAH;GARZA;NY;NorthEast;M;PROF-9;42;1;58210;1;1;1;MARRIED
CU1965;WALDO;DOLAN;OH;Midwest;M;Truck Driver;36;1;63241;4;1;1;DIVORCED
CU8296;ANTONETTE;GATLIN;CA;West;F;Veterinarian;42;1;89385;5;1;1;MARRIED
CU15411;EDWIN;BLEVINS;CA;West;M;Programmer/Developer;23;0;65300;3;0;0;SINGLE
CU1732;SCOT;MCNAMARA;NY;NorthEast;M;PROF-16;36;1;65571;3;1;1;DIVORCED
CU7828;MCKINLEY;BUNCH;NY;NorthEast;M;Administrative Assistant;18;0;75218;3;1;1;MARRIED
CU3434;EMMALINE;SAYLOR;NY;NorthEast;F;IT Staff;45;1;53702;1;1;2;MARRIED
CU2110;ERNESTINE;HORTON;NY;NorthEast;F;IT Staff;41;1;67543;1;1;1;MARRIED
CU10119;ALEC;GAGNE;NY;NorthEast;M;Programmer/Developer;26;1;66012;3;1;0;SINGLE
CU13588;BURTON;PARSONS;MN;West;M;Programmer/Developer;27;0;54915;3;1;1;SINGLE
CU11688;JANNA;FLETCHER;WI;Midwest;F;PROF-1;36;0;58593;5;1;1;DIVORCED
CU5758;ALFRED;COVINGTON;NC;South;M;Author;72;0;63917;3;1;1;SINGLE
CU8144;STEPHINE;MCCARTHY;MN;West;F;Waiter/Waitress;37;0;63700;5;1;1;MARRIED
CU12577;NIGEL;REAVES;MN;West;M;Programmer/Developer;25;0;63567;3;1;1;SINGLE
